circonscription_id,circonscription_name,region,entries,winner_votes,runner_up_votes,margin_votes,margin_pp_expressed,source_pages
122,"GBELEBAN ET SEYDOUGOU, COMMUNES ET SOUS- PREFECTURES",KABADOUGOU,7,1916,1914.0,2.0,0.044593088071348944,21
021,"TOUMODI, COMMUNE",BELIER,3,4630,4615.0,15.0,0.15881418740074113,4
011,"GBELO, GOUEKAN, KOONAN, OUANINOU, SABOUDOUGOU ET SANTA, COMMUNES ET SOUS-PREFECTURES",BAFING,5,6026,5989.0,37.0,0.24441802087462017,3
052,"KOSSOU, COMMUNE ET SOUS-PREFECTURE, YAMOUSSOUKRO, SOUS-PREFECTURE",DISTRICT AUTONOME DE YAMOUSSOUKRO,13,1159,1107.0,52.0,1.0513546300040437,9
051,"ATIIEGOUAKRO ET LOLOBO, COMMUNES ET SOUS- PREFECTURES",DISTRICT AUTONOME DE YAMOUSSOUKRO,6,3618,3525.0,93.0,1.2261041529334211,9
090,"DUEKOUE, SOUS-PREFECTURE ET GUEHIEBLY, COMMUNES ET SOUS-PREFECTURE",GUEMON,3,2814,2709.0,105.0,1.6223733003708283,17
003,AZAGUIE COMMUNE ET SOUS-PREFECTURE,AGNEBY-TIASSA,8,1673,1549.0,124.0,2.430895902764164,1
161,"ANOUMABA ET TIEMELEKRO, COMMUNES ET SOUS- PREFECTURES",MORONOU,5,2995,2862.0,133.0,1.6511483550589696,28
079,"KOUN-FAO, COMMUNE ET SOUS-PREFECTURE",GONTOUGO,5,2408,2270.0,138.0,1.8747452791740253,15
204,"DUALLA ET MASSALA, COMMUNES ET SOUS- PREFECTURES",WORODOUGOU,5,2545,2392.0,153.0,2.1106359497861775,35
