circonscription_id,region,circonscription_name,nb_bureaux_vote,inscrits,votants,taux_participation,bulletins_nuls,suffrages_exprimes,bulletins_blancs_nb,bulletins_blancs_pct,source_pages,entries,party_labels,candidate_votes,elected_rows,turnout,invalid_rate,blank_rate,registered_per_polling_station,winner_votes,winner_share_expressed,winner_share_candidate_votes,runner_up_votes,margin_votes,margin_pp_expressed,effective_entries,winner_is_max,top_score_ties
001,AGNEBY-TIASSA,"ABOUDE, ATTOBROU, GUESSIGUIE, GRAND-MORIÉ, LOVIGUIE, ORESS-KROBOU, COMMUNES ET SOUS- PRÉFECTURES, AGBOVILLE SOUS-PRÉFECTURE",144,52106,14070,0.27,388,13682,76,0.0056,1,8,5,13606,1,0.27002648447395694,0.027576403695806682,0.00555474345855869,361.84722222222223,9078,0.6634994883788919,0.6672056445685727,1991.0,7087.0,51.797982751059784,2.1115805255270703,True,1
002,AGNEBY-TIASSA,AGBOVILLE COMMUNE,133,48710,12821,0.2632,317,12504,81,0.0065,1,6,4,12423,1,0.2632108396633135,0.024725060447702986,0.0064779270633397315,366.2406015037594,10675,0.8537268074216251,0.8592932463978105,1327.0,9348.0,74.76007677543186,1.3326091856743092,True,1
003,AGNEBY-TIASSA,AZAGUIE COMMUNE ET SOUS-PREFECTURE,44,15515,5174,0.3335,73,5101,24,0.0046999999999999,1,8,3,5077,1,0.3334837254270061,0.014109006571318129,0.004704959811801608,352.6136363636364,1673,0.3279749068810037,0.32952531022257237,1549.0,124.0,2.430895902764164,4.131694767323039,True,1
004,AGNEBY-TIASSA,"ANANGUIE, CECHI ET RUBINO, COMMUNES ET SOUS- PREFECTURES",72,23466,7650,0.326,241,7409,49,0.0066,1,10,4,7360,1,0.32600357964714904,0.03150326797385621,0.006613578080712647,325.9166666666667,2607,0.3518693480901606,0.35421195652173915,1668.0,939.0,12.673775138345256,4.527269961672119,True,1
005,AGNEBY-TIASSA,"GOMON ET SIKENSI, COMMUNES ET SOUS-PREFECTURES",102,37720,10768,0.2855,347,10421,134,0.0129,2,9,3,10287,1,0.28547189819724283,0.032225111441307575,0.012858650801266674,369.80392156862746,3574,0.3429613280875156,0.34742879362301937,1710.0,1864.0,17.88695902504558,4.813249639912671,True,1
006,AGNEBY-TIASSA,"GBOLOUVILLE ET N'DOUCI, COMMUNES ET SOUS- PREFECTURES",94,31758,9221,0.2904,283,8938,72,0.0081,2,8,5,8866,1,0.2903520372819447,0.03069081444528793,0.008055493398970687,337.8510638297872,3169,0.3545535914074737,0.3574328896909542,2375.0,794.0,8.883419109420451,3.9368017902376513,True,1
007,AGNEBY-TIASSA,"MOROKRO ET TIASSALE, COMMUNES ET SOUS- PREFECTURES",123,39362,16841,0.4278,518,16323,118,0.0072,2,3,3,16205,1,0.42784919465474314,0.03075826851137106,0.007229063284935367,320.0162601626016,8557,0.524229614654169,0.5280468991052144,7489.0,1068.0,6.542914905348281,2.0304387404847986,True,1
008,AGNEBY-TIASSA,"PACOBO ET TAABO, COMMUNES ET SOUS-PREFECTURES",68,23159,7576,0.3271,399,7177,64,0.0089,2,8,4,7113,1,0.3271298415302906,0.05266631467793031,0.008917374947749756,340.5735294117647,3912,0.5450745436812039,0.5499789118515395,1150.0,2762.0,38.48404625888254,2.7722175249767824,True,1
009,BAFING,"BOOKO, BOROTOU, MAHANDOUGOU ET NIOKOSSO, COMMUNES ET SOUS-PREFECTURES",77,17626,11919,0.6762,59,11860,158,0.0133,3,3,3,11702,1,0.6762169522296607,0.004950079704673211,0.013322091062394605,228.9090909090909,11219,0.9459527824620574,0.9587250042727739,408.0,10811.0,91.15514333895447,1.086471934467409,True,1
010,BAFING,"KORO, COMMUNE ET SOUS-PREFECTURE",42,13092,6583,0.5028,117,6466,74,0.0113999999999999,3,2,2,6392,1,0.5028261533761076,0.017773051800091144,0.011444478812248686,311.7142857142857,3498,0.5409836065573771,0.5472465581977471,2894.0,604.0,9.341169192700278,1.9823001430287552,True,1
011,BAFING,"GBELO, GOUEKAN, KOONAN, OUANINOU, SABOUDOUGOU ET SANTA, COMMUNES ET SOUS-PREFECTURES",106,25316,15353,0.6065,215,15138,208,0.0137,3,5,3,14930,1,0.6064544161794913,0.014003777763303589,0.013740256308627295,238.83018867924528,6026,0.3980710794028273,0.40361687876758207,5989.0,37.0,0.24441802087462017,2.799583867145346,True,1
012,BAFING,"DIOMAN, FOUNGBESSO ET GUINTEGUELA, COMMUNES ET SOUS-PREFECTURES, TOUBA, SOUS PREFECTURE",96,21299,13342,0.6264,196,13146,141,0.0107,3,6,2,13005,1,0.6264143856519085,0.014690451206715634,0.010725696029210407,221.86458333333334,3613,0.2748364521527461,0.2778162245290273,3256.0,357.0,2.7156549520766773,4.986235303867407,True,1
013,BAFING,"TOUBA, COMMUNE",47,14962,7151,0.4779,54,7097,75,0.0106,3,2,2,7022,1,0.477944125116963,0.007551391413788282,0.010567845568550092,318.3404255319149,4962,0.699168662815274,0.7066362859584164,2060.0,2902.0,40.89051711990982,1.7082421215086314,True,1
014,BAGOUE,"BAYA, KASSERE ET SIEMPURGO, COMMUNES ET SOUS- PREFECTURES",63,19315,12802,0.6628000000000001,330,12472,204,0.0163999999999999,3,4,2,12268,1,0.6628009319181983,0.025777222309014216,0.0163566388710712,306.58730158730157,5606,0.4494868505452213,0.4569611998695794,4488.0,1118.0,8.96407953816549,2.7660672999237654,True,1
015,BAGOUE,"BOUNDIALI ET GANAONI, COMMUNES ET SOUS- PREFECTURES",106,36892,36846,0.9988,0,36846,0,0.0,3,1,1,36846,1,0.9987531172069826,0.0,0.0,348.0377358490566,36846,1.0,1.0,,,,1.0,True,1
016,BAGOUE,"BLESSEGUE ET KOUTO, COMMUNES ET SOUS- PREFECTURES",59,19903,11808,0.5932999999999999,70,11738,215,0.0183,3,2,2,11523,1,0.5932773953675325,0.005928184281842819,0.018316578633498042,337.33898305084745,7831,0.6671494292042938,0.6795973270849606,3692.0,4139.0,35.261543704208556,1.7714465497327245,True,1
017,BAGOUE,"GBON, KOLIA ET SIANHALA, COMMUNES ET SOUS- PREFECTURES",88,31360,20373,0.6496,183,20190,378,0.0187,3,3,2,19812,1,0.6496492346938776,0.008982476807539391,0.018722139673105497,356.3636363636364,10331,0.5116889549281822,0.5214516454673935,8239.0,2092.0,10.361565131253096,2.2282606361962807,True,1
018,BAGOUE,"DEBETE, KANAKONO, PAPARA ET TENGRELA, COMMUNES ET SOUS-PREFECTURES",109,36904,22247,0.6028,221,22026,197,0.0089,3,4,2,21829,1,0.6028343810969,0.009933923675102261,0.008943975301915917,338.56880733944956,11811,0.5362299101062381,0.5410692198451601,6674.0,5137.0,23.322437119767546,2.4620253354552712,True,1
019,BELIER,"BOLI, DIDIEVI, MOLONOU-BLE ET TIE-N'DIEKRO, COMMUNES ET SOUS-PREFECTURES",129,36304,11536,0.3178,421,11115,138,0.0124,4,3,3,10977,1,0.31776112825033054,0.03649445214979195,0.012415654520917679,281.4263565891473,5741,0.5165092217723797,0.5230026418875832,5037.0,704.0,6.333783175888439,2.064321119061554,True,1
020,BELIER,"LOMOKANKRO, MOLONOU, TLEBISSOU ET YAKPABO- SAKASSOU, COMMUNES ET SOUS-PREFECTURES",147,42781,14778,0.3454,537,14241,134,0.0093999999999999,4,6,4,14107,1,0.3454337205768916,0.03633779943158749,0.009409451583456218,291.02721088435374,7418,0.5208903869110315,0.5258382363365705,6127.0,1291.0,9.06537462256864,2.1476349321740225,True,1
021,BELIER,"TOUMODI, COMMUNE",84,31946,9783,0.3062,338,9445,57,0.006,4,3,3,9388,1,0.30623552244412444,0.03454972912194623,0.006034939121228163,380.3095238095238,4630,0.490206458443621,0.4931827865360034,4615.0,15.0,0.15881418740074113,2.0613579880836124,True,1
022,BELIER,"ANGODA, BONIKRO, DJEKANOU, KPOUEBO, KOKUMBO, COMMUNES ET SOUS-PREFECTURES, TOUMODI, SOUS- PREFECTURE",139,43279,12775,0.2952,556,12219,128,0.0105,4,7,3,12091,1,0.2951777998567435,0.043522504892367905,0.010475488992552582,311.35971223021585,6782,0.5550372370897783,0.560913075841535,4846.0,1936.0,15.84417710123578,2.10261490940552,True,1
023,BERE,"BOUANDOUGOU ET TIENINGBOUE, COMMUNES ET SOUS- PREFECTURES",95,25590,14752,0.5765,187,14565,237,0.0163,4,3,3,14328,1,0.5764751856193826,0.012676247288503254,0.01627188465499485,269.36842105263156,8087,0.5552351527634741,0.5644193188163037,6196.0,1891.0,12.983178853415723,1.9779131746268335,True,1
024,BERE,"DIANRA ET DIARRA-VILLAGE, COMMUNES ET SOUS- PREFECTURES",88,26729,16599,0.621,291,16308,378,0.0232,4,4,2,15930,1,0.6210108870515171,0.017531176576902223,0.023178807947019868,303.7386363636364,9862,0.6047338729457935,0.6190834902699309,4127.0,5735.0,35.16678930586215,2.184066273839545,True,1
025,BERE,"MANKONO, COMMUNE ET SOUS-PREFECTURE",73,23860,12104,0.5073,144,11960,138,0.0115,4,3,3,11822,1,0.507292539815591,0.011896893588896233,0.011538461538461539,326.8493150684931,7756,0.6484949832775919,0.6560649636271358,3921.0,3835.0,32.06521739130435,1.8498769079909965,True,1
026,BERE,"MARANDALLAH ET SARHALA, COMMUNES ET SOUS- PREFECTURES",78,21935,11771,0.5366,130,11641,195,0.0168,4,3,2,11446,1,0.5366309550945977,0.011044091411095065,0.01675113821836612,281.21794871794873,5703,0.48990636543252297,0.4982526646863533,5320.0,383.0,3.2900953526329353,2.147524967323458,True,1
027,BERE,"KONGASSO ET KOUNAHIRI, COMMUNES ET SOUS- PREFECTURES",84,24391,10680,0.4379,352,10328,224,0.0217,4,5,3,10104,1,0.43786642614078963,0.03295880149812734,0.021688613477924088,290.3690476190476,4606,0.4459721146398141,0.4558590657165479,2785.0,1821.0,17.63168086754454,3.0063453433646528,True,1
028,BERE,"BOUKO ET BOUNA, COMMUNES ET SOUS-PREFECTURES",89,26581,14195,0.534,169,14026,283,0.0202,4,2,2,13743,1,0.5340280651593243,0.011905600563578724,0.020176814487380578,298.6629213483146,11923,0.8500641665478397,0.8675689441897694,1820.0,10103.0,72.030514758306,1.2983407014910924,True,1
029,BOUNKANI,"ONDEFIDOUO ET YOUNDOUO, COMMUNES ET SOUS- PREFECTURES",43,11091,7346,0.6623,99,7247,209,0.0288,5,7,4,7038,1,0.6623388332882517,0.013476722025592159,0.02883951980129709,257.93023255813955,2550,0.3518697392024286,0.36231884057971014,2178.0,372.0,5.1331585483648405,3.5185305626316694,True,1
030,BOUNKANI,"DANOA, DOROPO, KALAMON ET NIAMOUE, COMMUNES ET SOUS-PREFECTURES",67,19827,10300,0.5195000000000001,163,10137,328,0.0324,5,4,2,9809,1,0.5194936198113683,0.0158252427184466,0.03235671303146888,295.92537313432837,6072,0.5989937851435336,0.6190233459068203,3426.0,2646.0,26.10239715892276,1.9775237024297156,True,1
031,BOUNKANI,"BOGOFA, KAKPIN, KOUTOUBA, NASSIAN ET SOMINASSE, COMMUNES ET SOUS-PREFECTURES",76,21508,14236,0.6618999999999999,266,13970,178,0.0127,5,5,4,13792,1,0.6618932490236191,0.018685023883113234,0.012741589119541876,283.0,6583,0.47122405153901215,0.4773056844547564,5362.0,1221.0,8.740157480314961,2.569921870398049,True,1
032,BOUNKANI,"GOGO,TEHINI ET TOUGBO, COMMUNES ET SOUS- PREFECTURES",45,10547,5885,0.5579999999999999,87,5798,160,0.0276,5,4,2,5638,1,0.557978572105812,0.014783347493627868,0.027595722662987238,234.37777777777777,2694,0.46464298033804763,0.47782901738205036,2392.0,302.0,5.208692652638841,2.403720418974385,True,1
033,CAVALLY,"BLOLEQUIN, DIBOKE, DOKE, TINHOU ET ZEAGLO, COMMUNES ET SOUS-PREFECTURES",115,34438,11735,0.3408,558,11177,135,0.0121,5,3,3,11042,1,0.3407573029792671,0.04755006391137623,0.012078375234857296,299.46086956521737,5882,0.5262592824550416,0.5326933526535048,4816.0,1066.0,9.537442963228058,2.105431182351629,True,1
034,CAVALLY,"BEDY-GOAZON, KAADE ET NIZAHON, COMMUNES ET SOUS- PREFECTURES, GUIGLO, SOUS-PREFECTURE",58,16418,6438,0.3921,189,6249,70,0.0112,5,3,3,6179,1,0.39213058837860887,0.029356943150046597,0.011201792286765882,283.0689655172414,3951,0.6322611617858858,0.6394238549927173,2166.0,1785.0,28.564570331253,1.8802528893098085,True,1
035,CAVALLY,"GUIGLO, COMMUNE",95,35868,7312,0.2039,252,7060,67,0.0095,5,7,2,6993,1,0.20385859261737482,0.03446389496717724,0.009490084985835694,377.5578947368421,4099,0.5805949008498583,0.5861575861575862,1150.0,2949.0,41.77053824362606,2.567241398408618,True,1
036,CAVALLY,"TAI ET ZAGNE, COMMUNES ET SOUS-PREFECTURES",67,23648,7238,0.3061,250,6988,63,0.009,6,6,4,6925,1,0.3060723951285521,0.03453992815694943,0.009015455065827132,352.95522388059703,4793,0.6858900973096738,0.692129963898917,1585.0,3208.0,45.90726960503721,1.8723695463872485,True,1
037,CAVALLY,"BAKOUBLI, MEO, NEZOBLY, PEHE, TIOBLY ET TOULEPLEU, COMMUNES ET SOUS-PREFECTURES",84,22722,11201,0.493,581,10620,115,0.0108,6,4,4,10505,1,0.4929583663409911,0.051870368717078834,0.010828625235404897,270.5,6465,0.6087570621468926,0.615421227986673,3619.0,2846.0,26.7984934086629,2.006565507034924,True,1
038,DISTRICT AUTONOME D'ABIDJAN,"ABOBO, COMMUNE",1058,438021,107134,0.2446,2055,105079,1214,0.0116,6,6,5,103865,1,0.24458644676853392,0.01918158567774936,0.011553212344997574,414.0085066162571,92947,0.884544009745049,0.8948827805324219,7359.0,85588.0,81.4510986971707,1.2404445759500555,True,1
039,DISTRICT AUTONOME D'ABIDJAN,"ADJAME, COMMUNE",284,118995,14608,0.1227999999999999,419,14189,148,0.0104,6,6,3,14041,1,0.12276146056556998,0.0286829134720701,0.010430615265346395,418.9964788732394,11152,0.7859609556698851,0.7942454241150915,1358.0,9794.0,69.02530128973149,1.5531247474888044,True,1
040,DISTRICT AUTONOME D'ABIDJAN,"ATTECOUBE, COMMUNE",250,103500,22760,0.2198999999999999,382,22378,272,0.0121999999999999,6,6,4,22106,1,0.21990338164251208,0.01678383128295255,0.012154794887836268,414.0,18012,0.8048976673518634,0.8148014113815254,1395.0,16617.0,74.25596568057914,1.4851195815551819,True,1
041,DISTRICT AUTONOME D'ABIDJAN,"COCODY, COMMUNE",667,279785,28279,0.1011,501,27778,241,0.0087,7,14,5,27537,1,0.1010740389942277,0.01771632660277945,0.00867593059255526,419.4677661169415,14740,0.5306357549139606,0.5352798053527981,9269.0,5471.0,19.695442436460507,2.4728180995015907,True,1
042,DISTRICT AUTONOME D'ABIDJAN,"KOUMASSI, COMMUNE",429,176954,33090,0.187,853,32237,328,0.0102,7,3,3,31909,1,0.18699775082789877,0.02577818071925053,0.01017464404255979,412.4801864801865,23968,0.7434935012563204,0.7511360431226299,6856.0,17112.0,53.081862456183885,1.635251282875802,True,1
043,DISTRICT AUTONOME D'ABIDJAN,"MARCORY, COMMUNE",268,112183,26325,0.2347,873,25452,197,0.0077,7,6,4,25255,1,0.2346612231799827,0.03316239316239316,0.00774005972025774,418.59328358208955,13996,0.54989784692755,0.5541872896456147,10133.0,3863.0,15.177589187490177,2.1333206177754303,True,1
044,DISTRICT AUTONOME D'ABIDJAN,"PLATEAU, COMMUNE",228,97933,22944,0.2343,998,21946,181,0.0081999999999999,7,3,3,21765,1,0.23428262179244994,0.04349721059972106,0.008247516631732434,429.530701754386,12749,0.580925909049485,0.5857569492304158,8864.0,3885.0,17.702542604574866,1.964558720608008,True,1
045,DISTRICT AUTONOME D'ABIDJAN,"PORT-BOUET, COMMUNE",352,145545,24959,0.1714999999999999,994,23965,272,0.0113,7,8,4,23693,1,0.1714864818441032,0.03982531351416323,0.011349885249321928,413.4801136363636,14476,0.6040475693720009,0.6109821466255856,8197.0,6279.0,26.200709367828082,2.026759676413103,True,1
046,DISTRICT AUTONOME D'ABIDJAN,"TREICHVILLE, COMMUNE",151,63505,10658,0.1678,106,10552,64,0.0060999999999999,8,7,3,10488,1,0.16782930477915126,0.009945580784387315,0.006065200909780136,420.5629139072848,7173,0.6797763457164518,0.6839244851258581,1638.0,5535.0,52.45451099317665,1.978307456755088,True,1
047,DISTRICT AUTONOME D'ABIDJAN,"YOPOUGON,COMMUNE",1320,555901,73989,0.1331,2055,71934,707,0.0098,8,6,3,71227,1,0.13309744001180066,0.027774398897133356,0.00982845386048322,421.1371212121212,49017,0.6814162982734173,0.6881800440844061,18757.0,30260.0,42.06633858815025,1.8384139784119506,True,1
048,DISTRICT AUTONOME D'ABIDJAN,"ANYAMA ET BROFODOUME, COMMUNES ET SOUS- PREFECTURES",279,107529,22823,0.2122,597,22226,235,0.0106,8,12,4,21991,1,0.212249718680542,0.026157823248477412,0.010573202555565554,385.40860215053766,8801,0.3959776837937551,0.4002091764812878,4578.0,4223.0,19.0002699541078,4.259127320455101,True,1
049,DISTRICT AUTONOME D'ABIDJAN,"BINGERVILLE, COMMUNE ET SOUS-PREFECTURE",180,68611,15096,0.22,224,14872,62,0.0042,9,10,5,14810,1,0.2200230283773739,0.01483836777954425,0.004168908015061861,381.1722222222222,6384,0.42926304464766,0.43106009453072247,4792.0,1592.0,10.704679935449166,3.165431625114791,True,1
050,DISTRICT AUTONOME D'ABIDJAN,"SONGON, COMMUNE ET SOUS-PREFECTURE",122,43864,33793,0.7704000000000001,281,33512,193,0.0058,9,5,2,33319,1,0.7704039759255882,0.008315331577545645,0.00575913105753163,359.5409836065574,31927,0.9527035091907377,0.9582220354752543,419.0,31508.0,94.02005251850083,1.0885648063165665,True,1
051,DISTRICT AUTONOME DE YAMOUSSOUKRO,"ATIIEGOUAKRO ET LOLOBO, COMMUNES ET SOUS- PREFECTURES",61,22039,7804,0.3540999999999999,219,7585,93,0.0123,9,6,4,7492,1,0.3540995507963156,0.02806253203485392,0.012261041529334212,361.2950819672131,3618,0.47699406723796967,0.4829151094500801,3525.0,93.0,1.2261041529334211,2.196283593455497,True,1
052,DISTRICT AUTONOME DE YAMOUSSOUKRO,"KOSSOU, COMMUNE ET SOUS-PREFECTURE, YAMOUSSOUKRO, SOUS-PREFECTURE",62,19294,5120,0.2653999999999999,174,4946,75,0.0152,9,13,5,4871,1,0.26536747175287656,0.033984375,0.0151637687019814,311.19354838709677,1159,0.23433077234128588,0.23793882159720797,1107.0,52.0,1.0513546300040437,5.739250444050593,True,1
053,DISTRICT AUTONOME DE YAMOUSSOUKRO,"YAMOUSSOUKRO,COMMUNE",288,118151,36304,0.3073,756,35548,327,0.0092,10,4,3,35221,1,0.30726781830031064,0.020824151608638167,0.009198829751322156,410.24652777777777,22070,0.6208506807696635,0.626614803668266,12904.0,9166.0,25.784854281534827,1.8978937574537766,True,1
054,FOLON,"GOULIA, TIENKO, MAHANDIANA-SOKOURANI ET KIMBIRILA- NORD, COMMUNES ET SOUS-PREFECTURES",98,30154,21695,0.7195,296,21399,422,0.0197,10,2,2,20977,1,0.7194733700338264,0.013643696704309748,0.019720547689144354,307.6938775510204,10703,0.5001635590448151,0.5102254850550603,10274.0,429.0,2.004766577877471,1.9991638653498878,True,1
055,FOLON,"KANIASSO, MINIGNAN ET SOKORO, COMMUNES ET SOUS- PREFECTURES",60,19524,12753,0.6531999999999999,144,12609,121,0.0096,10,5,3,12488,1,0.6531960663798402,0.011291460832745237,0.009596320088825442,325.4,8154,0.6466809421841542,0.6529468289557976,3651.0,4503.0,35.71258624791815,1.9484743154089603,True,1
056,GBEKE,"ANDO-KEKRENOU, BEOUMI ET KONDROBO, COMMUNES ET SOUS-PREFECTURES",129,39082,15791,0.4039999999999999,718,15073,166,0.011,10,7,4,14907,1,0.40404789928867507,0.04546893800265974,0.011013069727327008,302.9612403100775,5734,0.3804153121475486,0.3846515060038908,4628.0,1106.0,7.3376235653154644,3.3039832658222053,True,1
057,GBEKE,"BODOKRO, LOLOBO ET N'GUESSANKRO, COMMUNES ET SOUS-PREFECTURES",76,20187,7420,0.3676,236,7184,78,0.0109,10,5,4,7106,1,0.3675632833011344,0.031805929919137464,0.010857461024498886,265.61842105263156,3375,0.46979398663697103,0.47495074584857866,1600.0,1775.0,24.707683741648108,3.0600079943433593,True,1
058,GBEKE,"BOTRO ET KROFOINSOU, COMMUNES ET SOUS- PREFECTURES",64,15712,6698,0.4263,231,6467,56,0.0087,10,6,3,6411,1,0.42629837067209775,0.03448790683786205,0.008659347456316685,245.5,3639,0.5627029534560074,0.5676181562938699,1975.0,1664.0,25.73063244162672,2.372373139034748,True,1
059,GBEKE,"DIABO ET LANGUIBONOU, COMMUNES ET SOUS- PREFECTURES",108,27040,10747,0.3974,363,10384,147,0.0141999999999999,10,7,3,10237,1,0.397448224852071,0.033776867963152504,0.014156394453004623,250.37037037037038,6758,0.650808936825886,0.6601543420924099,2644.0,4114.0,39.61864406779661,1.975976806011247,True,1
060,GBEKE,"BOUAKE, VILLE",710,277859,114172,0.4109,1375,112797,1179,0.0105,10,1,1,111618,1,0.41089905311686864,0.012043233016851767,0.010452405649086411,391.3507042253521,111618,0.9895475943509136,1.0,,,,1.0,True,1
061,GBEKE,"BOUNDA, BROBO ET MAMINI, COMMUNES ET SOUS- PREFECTURES, BOUAKE, SOUS-PREFECTURE",136,29385,11859,0.4036,511,11348,143,0.0126,"10, 11",6,5,11205,1,0.4035732516590097,0.043089636562947974,0.01260133944307367,216.06617647058823,5421,0.4777053225237927,0.48380187416331993,3771.0,1650.0,14.540007049700387,2.785915221185342,True,1
062,GBEKE,"DJEBONOUA, COMMUNE ET SOUS-PREFECTURE",53,13760,5286,0.3842,173,5113,59,0.0115,11,7,4,5054,1,0.38415697674418603,0.032727960650775635,0.011539213768824564,259.62264150943395,2944,0.5757872090749071,0.5825089038385437,1224.0,1720.0,33.63974183453941,2.448335944657438,True,1
063,GBEKE,"AYAOU-SRAN, DIBRI-ASRIKRO, SAKASSOU ET TOUMODI- SAKASSOU, COMMUNES ET SOUS-PREFECTURES",143,38024,11752,0.3091,377,11375,163,0.0143,11,8,5,11212,1,0.3090679570797391,0.032079646017699116,0.01432967032967033,265.9020979020979,4970,0.4369230769230769,0.4432750624331074,3597.0,1373.0,12.07032967032967,3.163107296037122,True,1
064,GBOKLE,"DAKPADOU ET SAGO, COMMUNES ET SOUS·PREFECTURES",71,19602,6919,0.353,108,6811,118,0.0173,11,3,3,6693,1,0.35297418630751964,0.015609192079780315,0.01732491557774189,276.0845070422535,4897,0.7189839964762884,0.7316599432242642,1385.0,3512.0,51.56364704155043,1.7184544277019633,True,1
065,GBOKLE,"GRIHIRI, LOBAKUYA, MEDON ET SASSANDRA, COMMUNES ET SOUS-PREFECTURES",104,29913,7502,0.2507999999999999,189,7313,61,0.0083,11,5,4,7252,1,0.2507939691772808,0.025193281791522262,0.008341309995897717,287.625,4032,0.5513469164501572,0.555984555984556,2632.0,1400.0,19.14399015451935,2.250900184526593,True,1
066,GBOKLE,"DAHIRI, FRESCO ET GBAGBAM, COMMUNES ET SOUS- PREFECTURES",82,19869,6546,0.3295,155,6391,57,0.0089,11,6,4,6334,1,0.32945794956968144,0.023678582340360525,0.008918792051322172,242.3048780487805,2976,0.46565482710061024,0.469845279444269,1625.0,1351.0,21.139101861993428,3.1654487601907744,True,1
067,GOH,"BAYOTA, DAHIEPA·KEHI, OURAGAHIO ET YOPOHUE, COMMUNES ET SOUS-PREFECTURES",150,42324,10693,0.2526,274,10419,166,0.0159,12,17,6,10253,1,0.2526462527171345,0.02562424015711213,0.015932431135425664,282.16,2749,0.26384489874268163,0.2681166487857213,1819.0,930.0,8.926000575871004,6.867719389363345,True,1
068,GOH,"DIGNAGO, GALEBOUO ET GUIBEROUA, COMMUNES ET SOUS-PREFECTURES",110,30755,8919,0.29,276,8643,87,0.0101,12,7,6,8556,1,0.29000162575191024,0.03094517322569795,0.010065949323151684,279.59090909090907,4730,0.5472636815920398,0.5528284244974287,1704.0,3026.0,35.01099155385862,2.67892150673932,True,1
069,GOH,"DOUGROUPALEGNOA, DOUKOUYO, GNAGBODOUGNOA ET SERIHIO, COMMUNES ET SOUS-PREFECTURES, GAGNOA, SOUS-PREFECTURE",129,36390,10519,0.2891,451,10068,159,0.0158,13,15,3,9909,1,0.28906292937620226,0.0428747979845993,0.015792610250297975,282.09302325581393,1885,0.18722685736988479,0.19023110303764254,1645.0,240.0,2.3837902264600714,7.036364574483828,True,1
070,GOH,"GAGNOA, COMMUNE",210,83356,11738,0.1408,292,11446,100,0.0087,13,5,5,11346,1,0.14081769758625653,0.02487646958596013,0.008736676568233443,396.93333333333334,9405,0.8216844312423555,0.8289264939185617,769.0,8636.0,75.44993884326402,1.4377287793256797,True,1
071,GOH,"DIEGONEFLA ET TONLA, COMMUNES ET SOUS- PREFECTURES",101,31994,10995,0.3436999999999999,265,10730,95,0.0089,13,6,5,10635,1,0.3436581859098581,0.0241018644838563,0.008853681267474371,316.7722772277228,5210,0.48555452003727867,0.4898918664786084,3902.0,1308.0,12.190121155638398,2.5843628160964327,True,1
072,GOH,"GUEPAHOUO ET OUME, COMMUNES ET SOUS- PREFECTURES",165,46572,11867,0.2548,334,11533,95,0.0081999999999999,13,9,4,11438,1,0.25480975693549773,0.02814527681806691,0.008237232289950576,282.25454545454545,5788,0.5018642157287783,0.5060325231683861,3810.0,1978.0,17.15078470476025,2.6609394338807384,True,1
073,GOH,"APPIMANDOUM, BONDOUKOU ET PINDA-BOROKO, COMMUNES ET SOUS-PREFECTURES",155,52876,17219,0.3256,394,16825,212,0.0126,14,3,3,16613,1,0.325648687495272,0.02288170044718044,0.012600297176820208,341.13548387096773,14746,0.8764338781575037,0.8876181303798231,1161.0,13585.0,80.74294205052006,1.2585647784803153,True,1
074,GOH,"BONDO, LAOUDI-BA, SAPLI-SEPINGO, TAOUDI ET YEZIMALA, COMMUNES ET SOUS-PREFECTURES",122,35843,18753,0.5232,403,18350,339,0.0185,14,6,3,18011,1,0.523198392991658,0.021489894950141312,0.018474114441416892,293.7950819672131,7031,0.3831607629427793,0.39037255010826716,5262.0,1769.0,9.640326975476839,3.521971136189423,True,1
075,GOH,"GOUMERE ET TABAGNE, COMMUNES ET SOUS- PREFECTURES",63,17425,9493,0.5448,376,9117,124,0.0136,14,8,5,8993,1,0.5447919655667145,0.039608132308016436,0.0136009652297905,276.58730158730157,3122,0.3424372052210157,0.3471589013677305,1961.0,1161.0,12.734452122408687,4.151596421171435,True,1
076,GOH,"SOROBANGO ET TAGADI, COMMUNES ET SOUS- PREFECTURES",52,16336,9847,0.6028,162,9685,117,0.0121,14,6,3,9568,1,0.602779138099902,0.016451711181070378,0.012080536912751677,314.15384615384613,3123,0.3224574083634486,0.32640050167224083,2953.0,170.0,1.7552916881775942,3.400780258030484,True,1
077,GOH,"BOAHIA ET KOUASSI-DATEKRO, COMMUNES ET SOUS- PREFECTURES",52,13065,7563,0.5789,195,7368,78,0.0106,14,5,4,7290,1,0.5788748564867968,0.02578341927806426,0.010586319218241042,251.25,2571,0.3489413680781759,0.3526748971193416,2407.0,164.0,2.225841476655809,3.3267621183016516,True,1
078,GONTOUGO,"KOKOMIAN, TANKESSE ET TIENKOIKRO, COMMUNES ET SOUS-PREFECTURES",67,19298,8991,0.4659,505,8486,72,0.0085,15,10,4,8414,1,0.46590320240439426,0.05616727838950061,0.008484562809333018,288.02985074626866,2578,0.30379448503417394,0.30639410506299025,1394.0,1184.0,13.952392175347631,5.740237677510962,True,1
079,GONTOUGO,"KOUN-FAO, COMMUNE ET SOUS-PREFECTURE",47,15315,7579,0.4949,218,7361,45,0.0060999999999999,15,5,3,7316,1,0.4948743062357166,0.02876368914104763,0.006113299823393561,325.8510638297872,2408,0.32712946610514876,0.32914160743575727,2270.0,138.0,1.8747452791740253,3.4219985665978947,True,1
080,GONTOUGO,"BANDAKAGNI-TOMORA, DIMANDOUGOU, SANDEGUE ET YOROBODI, COMMUNES ET SOUS-PREFECTURES",63,19968,10862,0.544,37,10825,82,0.0076,15,3,3,10743,1,0.5439703525641025,0.003406370834100534,0.007575057736720554,316.95238095238096,6864,0.6340877598152425,0.6389276738341245,3812.0,3052.0,28.193995381062354,1.8720427104290067,True,1
081,GONTOUGO,"AMANVI, DIAMBA, TANDA ET TCHEDIO, COMMUNES ET SOUS-PREFECTURES",141,39059,21861,0.5597,501,21360,117,0.0055,15,5,4,21243,1,0.5596917483806549,0.02291752435844655,0.0054775280898876405,277.01418439716315,15617,0.7311329588014981,0.7351598173515982,2483.0,13134.0,61.48876404494382,1.768056755405163,True,1
082,GONTOUGO,"ASSUEFRY, KOUASSIA-NIAGUINI ET TRANSUA, COMMUNES ET SOUS-PREFECTURES",102,30356,15766,0.5194,305,15461,118,0.0076,15,5,3,15343,1,0.5193701409935433,0.019345426867943678,0.007632106590776793,297.6078431372549,8175,0.5287497574542397,0.5328162680049534,6574.0,1601.0,10.355086993079361,2.135722118665847,True,1
083,GRANDS PONTS,"DABOU, LOPOU ET TOUPAH, COMMUNES ET SOUS- PREFECTURES",226,82680,18971,0.2294999999999999,401,18570,170,0.0092,16,3,3,18400,1,0.22945089501693275,0.021137525697116653,0.009154550350026925,365.8407079646018,13219,0.7118470651588584,0.7184239130434783,4189.0,9030.0,48.62681744749596,1.7517123096480984,True,1
084,GRANDS PONTS,"AHOUANOU, BACANDA, EBONOU, GRAND-LAHOU ET TOUKOUZOU, COMMUNES ET SOUS-PREFECTURES",145,39303,11713,0.298,289,11424,91,0.008,16,6,3,11333,1,0.29801796300536854,0.02467343976777939,0.007965686274509803,271.0551724137931,4567,0.39977240896358546,0.4029824406600194,4051.0,516.0,4.516806722689076,3.171823082565636,True,1
085,GRANDS PONTS,"ATOUTOU ET JACQUEVILLE, COMMUNES ET SOUS- PREFECTURES",86,28167,8826,0.3132999999999999,192,8634,70,0.0081,16,7,5,8564,1,0.31334540419640006,0.021753908905506457,0.008107482047718323,327.5232558139535,4630,0.5362520268705119,0.5406352171882298,1972.0,2658.0,30.785267546907576,2.6875057346963125,True,1
086,GUEMON,"BANGOLO, GOHOUO-ZAGNA, KAHIN-ZARABAON ET ZOU, COMMUNES ET SOUS-PREFECTURES",114,38004,13853,0.3645,257,13596,152,0.0112,16,9,4,13444,1,0.3645142616566677,0.018551938208330326,0.011179758752574287,333.36842105263156,6394,0.47028537805236836,0.47560249925617376,3315.0,3079.0,22.646366578405413,3.3334583049583566,True,1
087,GUEMON,"BEOUE-ZIBIAO, BLENIMEOUIN, DIEOUZON, GUINGLO- TAHOUAKE ET ZEO, COMMUNES ET SOUS-PREFECTURES",84,24148,9809,0.4061999999999999,357,9452,198,0.0209,16,7,3,9254,1,0.4062034122908729,0.036395147313691506,0.020947947524333474,287.4761904761905,2702,0.28586542530681336,0.291981845688351,2414.0,288.0,3.0469741853575965,4.373508087386696,True,1
088,GUEMON,"BAGOHOUO, GBAPLEU ET GUEZON, COMMUNES ET SOUS- PREFECTURES",84,26419,11837,0.4479999999999999,202,11635,228,0.0196,17,6,4,11407,1,0.44804875279155154,0.01706513474697981,0.01959604641168887,314.51190476190476,8300,0.7133648474430597,0.727623389147015,1490.0,6810.0,58.53029651912333,1.7926812666795964,True,1
089,GUEMON,"DUEKOUE, COMMUNE",135,51242,12507,0.2441,218,12289,127,0.0103,17,11,7,12162,1,0.24407712423402678,0.017430239066122972,0.010334445439010497,379.57037037037037,5608,0.4563430710391407,0.4611083703338267,3404.0,2204.0,17.93473838392058,3.240859858644633,True,1
090,GUEMON,"DUEKOUE, SOUS-PREFECTURE ET GUEHIEBLY, COMMUNES ET SOUS-PREFECTURE",48,15092,6652,0.4407999999999999,180,6472,117,0.0181,17,3,3,6355,1,0.44076331831433874,0.027059530968129887,0.0180778739184178,314.4166666666667,2814,0.434796044499382,0.44280094413847365,2709.0,105.0,1.6223733003708283,2.532118402951917,True,1
091,GUEMON,"FACOBLY, GUEZON, KOUA, SEMIEN ET TIENY-SEABLY, COMMUNES ET SOUS-PREFECTURES",86,25531,8572,0.3357,189,8383,111,0.0132,17,8,3,8272,1,0.3357486976616662,0.022048530097993468,0.013241083144459024,296.8720930232558,3033,0.36180365024454253,0.3666586073500967,2551.0,482.0,5.74973159966599,3.9969078951595614,True,1
092,GUEMON,"KOUIBLY, NIDROU, OUYABLY-GNONDROU ET TOTRODROU, COMMUNES ET SOUS-PREFECTURES",94,30990,10715,0.3458,550,10165,117,0.0115,17,8,7,10048,1,0.345756695708293,0.05132991133924405,0.011510083620265617,329.6808510638298,3858,0.37953762911952776,0.38395700636942676,1977.0,1881.0,18.50467289719626,4.303094978169196,True,1
093,HAMBOL,"BASSAWA, SATAMA-SOKORO ET SATAMA-SOKOURA, COMMUNES ET SOUS-PREFECTURES",73,19028,10798,0.5675,187,10611,123,0.0116,18,2,2,10488,1,0.5674795038890057,0.01731802185589924,0.011591744416171897,260.6575342465753,6542,0.6165300160211101,0.6237604881769642,3946.0,2596.0,24.465177645839223,1.884540544689378,True,1
094,HAMBOL,"DABAKALA, SOKALA-SOBARA, TENDENE-BAMBARASSO ET YAOSSEDOUGOU, COMMUNES ET SOUS-PREFECTURES",108,28370,16909,0.596,253,16656,174,0.0104,18,3,2,16482,1,0.5960169192809306,0.0149624460346561,0.010446685878962535,262.68518518518516,12798,0.7683717579250721,0.7764834364761558,3373.0,9425.0,56.58621517771374,1.5499954941912497,True,1
095,HAMBOL,"BONIEREDOUGOU ET FOUMBOLO, COMMUNES ET SOUS- PREFECTURES",82,22014,11652,0.5293,295,11357,175,0.0154,18,4,3,11182,1,0.52929953665849,0.02531754205286646,0.015408998855331514,268.4634146341463,7762,0.6834551378004755,0.6941513146127706,2475.0,5287.0,46.55278682750726,1.8708499698523484,True,1
096,HAMBOL,"FRONAN, KATIOLA ET TIMBE, COMMUNES ET SOUS- PREFECTURES",128,45033,17667,0.3923,396,17271,271,0.0157,18,3,3,17000,1,0.39231230431017255,0.022414671421293938,0.015691042788489377,351.8203125,11788,0.6825314110358405,0.6934117647058824,5146.0,6642.0,38.45752996352267,1.7468292450114546,True,1
097,HAMBOL,"ARIKOKAHA, NIAKARAMANDOUGOU ET TORTIYA, COMMUNES ET SOUS-PREFECTURES",81,27757,12576,0.4531,103,12473,160,0.0128,18,3,3,12313,1,0.4530749000252189,0.008190203562340967,0.01282770784895374,342.679012345679,8915,0.7147438467088912,0.7240315114107041,2808.0,6107.0,48.961757395975305,1.7285331468160443,True,1
098,HAMBOL,"BADIKAHA, NIEDEKAHA ET TAFIRE, COMMUNES ET SOUS- PREFECTURES",74,23601,23389,0.991,44,23345,16,0.0007,18,1,1,23329,1,0.9910173297741621,0.0018812262174526487,0.0006853715999143285,318.93243243243245,23329,0.9993146284000857,1.0,,,,1.0,True,1
099,HAUT- SASSANDRA,"BEDIALA, GADOUAN ET GONATE, COMMUNES ET SOUS- PREFECTURES",147,41499,12590,0.3034,457,12133,146,0.012,18,3,3,11987,1,0.3033808043567315,0.036298649722001586,0.01203329761806643,282.3061224489796,5873,0.48405175966372704,0.4899474430633186,3602.0,2271.0,18.717547185362235,2.6719421320882284,True,1
100,HAUT- SASSANDRA,"DALOA, VILLE ET SOUS-PREFECTURE",358,129515,27394,0.2115,401,26993,265,0.0098,18,7,2,26728,1,0.21151218005636413,0.014638241950792144,0.009817360056310896,361.7737430167598,21340,0.7905753343459415,0.7984136486082012,1844.0,19496.0,72.22613270107065,1.5462713529945418,True,1
101,HAUT- SASSANDRA,"GBOGUHE ET ZAHIBO, COMMUNES ET SOUS- PREFECTURES",103,24051,10915,0.4538,256,10659,122,0.0113999999999999,18,6,5,10537,1,0.4538272836888279,0.023453962437013285,0.011445726616005254,233.50485436893203,5907,0.5541795665634675,0.560595995065009,3511.0,2396.0,22.47865653438409,2.320704527166803,True,1
102,HAUT- SASSANDRA,"BOGUEDIA, ISSIA ET TAPEGUIA, COMMUNES ET SOUS- PREFECTURES",166,52889,13588,0.2569,447,13141,130,0.0098999999999999,18,5,2,13011,1,0.25691542664826333,0.03289667353547247,0.009892702229662887,318.60843373493975,5651,0.4300281561524998,0.43432480209053875,3691.0,1960.0,14.915151053953275,3.221767018600141,True,1
103,HAUT- SASSANDRA,"IBOGUHE ET NAMANE, COMMUNES ET SOUS- PREFECTURES",68,19888,6218,0.3127,156,6062,76,0.0125,19,9,5,5986,1,0.31265084473049076,0.025088452878739145,0.012537116463213462,292.47058823529414,1950,0.32167601451666117,0.32576010691613766,1793.0,157.0,2.5899043220059386,4.233017402388443,True,1
104,HAUT- SASSANDRA,"NAHIO ET SAIOUA, COMMUNES ET SOUS-PREFECTURES",109,33075,13469,0.4072,280,13189,162,0.0123,19,6,5,13027,1,0.4072260015117158,0.020788477244041873,0.012282963075290015,303.4403669724771,9209,0.6982333762984305,0.7069164043908804,2926.0,6283.0,47.63818333459701,1.813002968693874,True,1
105,HAUT- SASSANDRA,"BAZRA NATILS, DANANON, KETRO·BASSAM ET VAVOUA, COMMUNES ET SOUS·PREFECTURES",139,40972,12481,0.3046,430,12051,428,0.0355,19,9,3,11623,1,0.30462266913990044,0.0344523675987501,0.035515724836113184,294.76258992805754,4576,0.37971952535059333,0.3937021423040523,2993.0,1583.0,13.135839349431583,3.455627595973996,True,1
106,HAUT- SASSANDRA,"DANIA, COMMUNE ET SOUS-PREFECTURE",46,12480,5299,0.4246,154,5145,107,0.0208,19,7,3,5038,1,0.42459935897435896,0.02906208718626156,0.020796890184645287,271.30434782608694,2374,0.46141885325558796,0.47121873759428345,1090.0,1284.0,24.956268221574344,3.209850569595921,True,1
107,HAUT- SASSANDRA,"SEITIFLA, COMMUNE ET SOUS-PREFECTURE",42,11109,5174,0.4657,183,4991,88,0.0176,20,3,2,4903,1,0.46574849221352055,0.03536915345960572,0.017631737126828292,264.5,3312,0.663594470046083,0.6755047929838874,1416.0,1896.0,37.988379082348224,1.8484708026320593,True,1
108,HAUT- SASSANDRA,"DOMANGBEU, GREGBEU, GUESSABO ET ZOUKOUGBEU, COMMUNES ET SOUS·PREFECTURES",92,24325,8062,0.3314,171,7891,85,0.0108,20,4,4,7806,1,0.3314285714285714,0.021210617712726372,0.010771765302243061,264.4021739130435,4276,0.5418831580281334,0.5477837560850628,3136.0,1140.0,14.446838170067165,2.157134527704939,True,1
109,IFFOU,"AKPASSANOU, ANANDA ET OUELLE COMMUNES ET SOUS- PREFECTURES",70,19944,7665,0.3843,237,7428,54,0.0073,20,5,4,7374,1,0.3843261131167268,0.03091976516634051,0.007269789983844911,284.9142857142857,4346,0.5850834679590737,0.5893680499050719,2173.0,2173.0,29.25417339795369,2.2539938884691635,True,1
110,IFFOU,"DAOUKRO ET N'GATTAKRO, COMMUNES ET SOUS- PREFECTURES",111,37825,10860,0.2871,436,10424,72,0.0069,20,5,3,10352,1,0.28711169861202906,0.04014732965009208,0.006907137375287797,340.76576576576576,5907,0.5666730621642364,0.5706143740340031,2411.0,3496.0,33.537989255564085,2.5387537684289847,True,1
111,IFFOU,"ETTROKRO ET SAMANZA, COMMUNES ET SOUS- PREFECTURES",44,11430,5639,0.4934,315,5324,53,0.01,20,4,3,5271,1,0.4933508311461067,0.05586096825678312,0.009954921111945906,259.77272727272725,1753,0.32926371149511646,0.3325744640485676,1590.0,163.0,3.0616078136739295,3.6853426818198884,True,1
112,IFFOU,"BONGUERA, KONDOSSOU ET M'BAHIAKRO, COMMUNES ET SOUS-PREFECTURES",118,31073,14797,0.4761999999999999,640,14157,198,0.0139999999999999,20,6,3,13959,1,0.4762012036172883,0.04325201054267757,0.013986013986013986,263.3305084745763,4697,0.3317793317793318,0.33648542159180456,3004.0,1693.0,11.958748322384686,4.344778641333447,True,1
113,IFFOU,"ANIANOU, FAMIENKRO, KOFFI-AMONKRO, NAFANA ET PRIKRO, COMMUNESETSOU~PREFECTURES",105,30711,15501,0.5047,406,15095,225,0.0149,20,3,3,14870,1,0.5047377161277719,0.026191858589768403,0.014905597880092747,292.48571428571427,7888,0.522557138125207,0.5304640215198386,6704.0,1184.0,7.843656840013249,2.0618605247426545,True,1
114,INDENIE-DJUABLIN,"ABENGOUROU, COMMUNE",128,48575,11873,0.2444,206,11667,48,0.0040999999999999,20,5,3,11619,1,0.24442614513638702,0.01735029057525478,0.004114168166623811,379.4921875,5872,0.5032999057169795,0.5053791204062311,3626.0,2246.0,19.250878546327247,2.7149230980513406,True,1
115,INDENIE-DJUABLIN,"ABENGOUROU, SOUS-PREFECTURE, AMELEKIA, ANIANSSUE, EBILASSOKRO, NIABLE, YAKASSE-FEYASSE ET ZARANOU, COMMUNES ET SOUS-PREFECTURES",166,51273,22283,0.4346,498,21785,104,0.0048,20,2,2,21681,1,0.43459520605386853,0.022348875824619665,0.004773927014000459,308.8734939759036,17921,0.8226302501721368,0.8265762649324293,3760.0,14161.0,65.0034427358274,1.4019265848682583,True,1
116,INDENIE-DJUABLIN,"AGNIBILEKROU, COMMUNE ET SOUS-PREFECTURES",74,28087,11675,0.4157,423,11252,77,0.0068,21,5,3,11175,1,0.4156727311567629,0.03623126338329764,0.006843227870600782,379.55405405405406,5744,0.5104870245289727,0.5140044742729306,5226.0,518.0,4.603626022040526,2.0701950252209267,True,1
117,INDENIE-DJUABLIN,"AKOBOISSUE ET DAME, DOUFFREBO ET TANGUELAN, COMMUNES ET SOUS-PREFECTURES",67,17960,8130,0.4527,470,7660,67,0.0087,21,5,3,7593,1,0.4526726057906459,0.05781057810578106,0.008746736292428198,268.05970149253733,3308,0.43185378590078327,0.43566442776241276,3112.0,196.0,2.558746736292428,2.652016792068685,True,1
118,INDENIE-DJUABLIN,"BETTIE ET DIAMARAKRO, COMMUNES ET SOUS- PREFECTURES",47,14086,5069,0.3599,142,4927,30,0.0060999999999999,21,5,4,4897,1,0.35986085474939655,0.028013414874728745,0.006088897909478384,299.70212765957444,1740,0.3531560787497463,0.35531958341841946,1462.0,278.0,5.64237872944997,3.3831289141123255,True,1
119,KABADOUGOU,"GBONGAHA ET SEGUELON, COMMUNES ET SOUS- PREFECTURES",39,11815,8223,0.696,50,8173,104,0.0127,21,3,3,8069,1,0.6959796868387643,0.0060805058980907215,0.01272482564541784,302.94871794871796,5439,0.6654839104368041,0.6740612219605899,2571.0,2868.0,35.09115379909458,1.79877124263974,True,1
120,KABADOUGOU,"FENGOLO, MADINANI ET N'GOLOBLASSO, COMMUNES ET SOUS-PREFECTURES",55,17672,11759,0.6654000000000001,138,11621,149,0.0128,21,2,2,11472,1,0.6654028972385695,0.011735691810528106,0.012821616039927717,321.3090909090909,7042,0.605971947336718,0.6138423988842399,4430.0,2612.0,22.476551071336374,1.9014292115901914,True,1
121,KABADOUGOU,"BAKO, BOUGOUSSO ET DIOULATIEDOUGOU, COMMUNES ET SOUS-PREFECTURES",69,18754,13278,0.708,142,13136,158,0.012,21,6,2,12978,1,0.708008958088941,0.010694381683988553,0.01202801461632156,271.7971014492754,9026,0.6871193666260658,0.6954846663584527,2018.0,7008.0,53.34957369062119,1.9394588604289833,True,1
122,KABADOUGOU,"GBELEBAN ET SEYDOUGOU, COMMUNES ET SOUS- PREFECTURES",23,7903,4577,0.5791,92,4485,75,0.0167,21,7,3,4410,1,0.5791471593065924,0.020100502512562814,0.016722408026755852,343.60869565217394,1916,0.42720178372352285,0.4344671201814059,1914.0,2.0,0.044593088071348944,2.6157216869219972,True,1
123,KABADOUGOU,"ODIENNE , COMMUNE",87,32124,32116,0.9998,9,32107,0,0.0,21,1,1,32107,1,0.999750965010584,0.00028023415120189316,0.0,369.2413793103448,32107,1.0,1.0,,,,1.0,True,1
124,KABADOUGOU,"KIMBIRILA-SUD, TIEME, SAMATIGUILA, ET SAMANGO, COMMUNES ET SOUS-PREFECTURES, ODIENNE, SOUS PREFECTURE",87,26474,17165,0.6484000000000001,244,16921,152,0.009,22,6,3,16769,1,0.6483719876104858,0.014214972327410428,0.008982920631168371,304.2988505747126,11278,0.6665090715678742,0.6725505396863259,2685.0,8593.0,50.783050647124874,2.0193105338628987,True,1
141,LA ME,"ADZOPE, COMMUNE",88,34787,12179,0.3500999999999999,3423,8756,42,0.0048,22,6,2,8714,1,0.350102049616236,0.28105755809179733,0.004796710826861581,395.3068181818182,7246,0.8275468250342622,0.8315354601790222,593.0,6653.0,75.98218364550023,1.4287827932347763,True,1
142,LA ME,"AGOU, BECEDI-BRIGNAN ET YAKASSE-ME, COMMUNES ET SOUS-PREFECTURES",86,32407,10322,0.3185,270,10052,70,0.0069999999999999,22,8,3,9982,1,0.31851143271515414,0.026157721371827165,0.006963788300835654,376.8255813953488,5019,0.49930362116991645,0.5028050490883591,1755.0,3264.0,32.47115001989654,3.2711447104540765,True,1
143,LA ME,"ADZOPE, SOUS-PREFECTURE, ANNEPE ET ASSIKOI, COMMUNES ET SOUS-PREFECTURES",89,33376,12344,0.3697999999999999,268,12076,97,0.008,22,5,4,11979,1,0.36984659635666345,0.02171095268956578,0.008032461079827757,375.0112359550562,8207,0.6796124544551176,0.6851156189999166,1351.0,6856.0,56.77376614773104,1.9990742872339777,True,1
144,LA ME,"AFFERY, COMMUNE ET SOUS-PREFECTURE",41,16380,6980,0.4261,287,6693,20,0.003,22,5,4,6673,1,0.4261294261294261,0.04111747851002865,0.0029881966233378156,399.5121951219512,2855,0.4265650679814732,0.42784354862880264,2686.0,169.0,2.525026146720454,2.738574877285463,True,1
145,LA ME,"AKOUPE ET BECOUEFIN, COMMUNES ET SOUS- PREFECTURES",109,41157,13552,0.3293,488,13064,86,0.0066,23,8,3,12978,1,0.32927570036688775,0.03600944510035419,0.006582976117575016,377.58715596330273,6859,0.5250306184935701,0.5285097857913392,3066.0,3793.0,29.03398652786283,2.8616893970522645,True,1
146,LA ME,"ABOISSO-COMOE, ALEPE, ALLOSSO, DANGUIRA ET OGHLWAPO, COMMUNES ET SOUS-PREFECTURES",156,54427,13996,0.2572,349,13647,97,0.0070999999999999,23,6,4,13550,1,0.257151781285024,0.024935695913118033,0.007107789257712317,348.89102564102564,6034,0.4421484575364549,0.4453136531365314,3494.0,2540.0,18.612149190298233,3.4105606759089375,True,1
147,LA ME,"ABONGOUA, BIEBY ET YAKASSE-ATTOBROU, COMMUNES ET SOUS-PREFECTURES",69,27218,10647,0.3912,622,10025,78,0.0078,23,4,3,9947,1,0.39117495774854877,0.058420212266366116,0.007780548628428928,394.463768115942,3962,0.39521197007481296,0.398311048557354,2863.0,1099.0,10.962593516209477,3.0916127527186528,True,1
125,LOH-DJIBOUA,"CHIEPO, DIDOKO, NEBO ET OGOUDOU, COMMUNES ET SOUS-PREFECTURES, DIVO, SOUS-PREFECTURE",176,47838,14471,0.3025,544,13927,174,0.0125,23,3,3,13753,1,0.3025001045194197,0.03759242623177389,0.012493717239893731,271.8068181818182,10432,0.7490486106124794,0.7585254126372428,2208.0,8224.0,59.05076470165865,1.6455883752256608,True,1
126,LOH-DJIBOUA,"DIVO, COMMUNE",201,80222,28025,0.3493,528,27497,141,0.0051,23,7,3,27356,1,0.34934307297250133,0.018840321141837646,0.005127832127141143,399.11442786069654,17141,0.6233770956831655,0.6265901447580056,8675.0,8466.0,30.78881332509001,2.0189409523792254,True,1
127,LOH-DJIBOUA,"HIRE ET ZEGO, COMMUNES ET SOUS-PREFECTURES",80,28375,7714,0.2719,249,7465,88,0.0118,23,9,4,7377,1,0.2718590308370044,0.03227897329530723,0.011788345612860013,354.6875,3899,0.5223040857334227,0.5285346346753422,1897.0,2002.0,26.818486269256532,2.7920113469698977,True,1
128,LOH-DJIBOUA,"DAIRO-DIDIZO ET GUITRY, COMMUNES ET SOUS- PREFECTURES",118,30986,13544,0.4371,276,13268,160,0.0121,24,4,4,13108,1,0.4371006260892016,0.020378027170702893,0.012059089538739826,262.59322033898303,7622,0.5744648779017184,0.5814769606347269,4959.0,2663.0,20.070847151040095,2.071752019552207,True,1
129,LOH-DJIBOUA,"LAUZOUA ET YOCOBOUE, COMMUNES ET SOUS- PREFECTURES",50,12142,5036,0.4147999999999999,139,4897,91,0.0186,24,2,2,4806,1,0.4147586888486246,0.027601270849880857,0.01858280579946906,242.84,4260,0.8699203594037166,0.8863920099875156,546.0,3714.0,75.84235246069022,1.252195143848035,True,1
130,LOH-DJIBOUA,"DJIDJI, GAGORE ET ZIKISSO, COMMUNES ET SOUS- PREFECTURES",45,13640,4476,0.3282,156,4320,58,0.0134,24,5,3,4262,1,0.3281524926686217,0.03485254691689008,0.013425925925925926,303.1111111111111,2758,0.638425925925926,0.647114030971375,1155.0,1603.0,37.10648148148148,2.0097896876793104,True,1
131,LOH-DJIBOUA,"GOUDOUKO ET NIAMBEZARIA, COMMUNES ET SOUS- PREFECTURES",68,18404,6693,0.3636999999999999,242,6451,74,0.0115,24,6,4,6377,1,0.36367094109976095,0.03615717914238757,0.011471089753526585,270.6470588235294,4166,0.6457913501782669,0.6532852438450683,1042.0,3124.0,48.42660052705007,2.146133064788726,True,1
132,LOH-DJIBOUA,"LAKOTA, COMMUNE ET SOUS-PREFECTURE",118,38754,8724,0.2251,250,8474,70,0.0083,24,7,3,8404,1,0.22511224647778294,0.02865657955066483,0.008260561718196837,328.4237288135593,4455,0.5257257493509558,0.5301047120418848,1762.0,2693.0,31.77956101014869,2.8908856601671094,True,1
133,MARAHOUE,"BEGBESSOU, N'DOUFFOUKANKRO ET TIBEITA, COMMUNES ET SOUS-PREFECTURES, BOUAFLE, SOUS-PREFECTURE",133,36006,10954,0.3042,348,10606,187,0.0176,25,5,2,10419,1,0.30422707326556686,0.031769216724484205,0.017631529323024704,270.7218045112782,4392,0.41410522345841977,0.42153757558306937,2703.0,1689.0,15.924948142560815,3.2602041188669295,True,1
134,MARAHOUE,"BOUAFLE, COMMUNE",113,43844,12123,0.2764999999999999,180,11943,90,0.0075,25,12,4,11853,1,0.27650305629048444,0.014847809948032665,0.007535795026375283,388.0,6712,0.5620028468558989,0.5662701425799376,2511.0,4201.0,35.175416562002845,2.6648174774001343,True,1
135,MARAHOUE,"BONON ET ZAGUIETA, COMMUNES ET SOUS- PREFECTURES",112,35059,8815,0.2514,175,8640,109,0.0126,25,4,4,8531,1,0.25143329815453946,0.019852524106636415,0.012615740740740742,313.0267857142857,5653,0.6542824074074074,0.6626421287070683,2570.0,3083.0,35.682870370370374,1.884637261513746,True,1
136,MARAHOUE,"BAZRE ET KONONFLA, COMMUNES ET SOUS- PREFECTURES",82,20818,6995,0.336,167,6828,59,0.0086,25,13,4,6769,1,0.33600730137381113,0.02387419585418156,0.008640890451083773,253.8780487804878,2402,0.3517867603983597,0.3548530063524893,1026.0,1376.0,20.152314001171646,5.427614314649894,True,1
137,MARAHOUE,"KOUETINFLA ET SINFRA, COMMUNES ET SOUS- PREFECTURES",147,48502,14650,0.302,350,14300,106,0.0074,26,12,5,14194,1,0.30204940002474123,0.023890784982935155,0.007412587412587413,329.94557823129253,7447,0.5207692307692308,0.5246583063266169,2913.0,4534.0,31.706293706293707,3.0253289884162733,True,1
138,MARAHOUE,"GOHITAFLA, IRIEFLA, MAMINIGUI, COMMUNES ET SOUS- PREFECTURES",69,22447,6845,0.3049,119,6726,94,0.0139999999999999,26,9,6,6632,1,0.30494052657370696,0.017384952520087656,0.013975617008623252,325.3188405797101,3037,0.45153137079988104,0.45793124246079614,1209.0,1828.0,27.178114778471603,3.5283449724356477,True,1
139,MARAHOUE,"KANZRA, VOUEBOUFLA, ZANZRA, COMMUNES ET SOUS- PREFECTURES, ZUENOULA, SOUS-PREFECTURE",88,23114,7950,0.3439,251,7699,162,0.021,26,9,4,7537,1,0.3439473911914857,0.031572327044025156,0.02104169372645798,262.65909090909093,2210,0.28705026626834657,0.2932201141037548,1841.0,369.0,4.792830237693207,4.654978108896083,True,1
140,MARAHOUE,"ZUENOULA, COMMUNE",48,18540,5342,0.2880999999999999,126,5216,53,0.0102,27,8,3,5163,1,0.28813376483279396,0.02358667165855485,0.010161042944785276,386.25,1891,0.3625383435582822,0.3662599263993802,1462.0,429.0,8.224693251533742,3.8969091018865893,True,1
154,MORONOU,"ARRAH, KOTOBI ET KREGBE, COMMUNES ET SOUS- PREFECTURES",95,34560,14012,0.4054,424,13588,122,0.009,27,4,3,13466,1,0.40543981481481484,0.03025977733371396,0.008978510450397409,363.7894736842105,9625,0.7083455990579923,0.7147631070845092,3419.0,6206.0,45.67265234030027,1.736551564915722,True,1
157,MORONOU,"BONGOUANOU, COMMUNE",68,24670,7232,0.2930999999999999,246,6986,54,0.0077,27,10,5,6932,1,0.2931495743818403,0.034015486725663714,0.007729745204695104,362.79411764705884,2933,0.4198396793587174,0.42311021350259664,1152.0,1781.0,25.493844832522186,3.997094632723246,True,1
158,MORONOU,"ANDE, ASSIE-KOUMASSI ET N'GUESSANKRO, COMMUNES ET SOUS-PREFECTURES ET BONGOUANOU SOUS- PREFECTURE",92,34019,10414,0.3061,439,9975,110,0.011,27,11,4,9865,1,0.3061230488844469,0.042154791626656425,0.011027568922305764,369.7717391304348,3093,0.31007518796992484,0.31353269133299544,2218.0,875.0,8.771929824561404,4.7388501203213655,True,1
161,MORONOU,"ANOUMABA ET TIEMELEKRO, COMMUNES ET SOUS- PREFECTURES",65,19083,8372,0.4387,317,8055,80,0.0098999999999999,28,5,5,7975,1,0.4387150867264057,0.03786430960344004,0.009931719428926133,293.5846153846154,2995,0.3718187461204221,0.3755485893416928,2862.0,133.0,1.6511483550589696,3.2933626087608077,True,1
162,MORONOU,"ASSAHARA ET M'BATTO, COMMUNES ET SOUS- PREFECTURES",83,27427,9770,0.3561999999999999,446,9324,59,0.0063,28,8,5,9265,1,0.3562183250082036,0.045649948822927326,0.006327756327756328,330.4457831325301,3346,0.3588588588588589,0.36114409066378844,2604.0,742.0,7.957957957957958,3.489342594375515,True,1
148,NAWA,"DABOUYO ET GUEYO, COMMUNES ET SOUS- PREFECTURES",73,19218,5564,0.2895,202,5362,50,0.0093,28,8,5,5312,1,0.28952024144031635,0.036304816678648454,0.009324878776575904,263.26027397260276,1597,0.2978366281238344,0.30064006024096385,1337.0,260.0,4.848936963819471,4.394325522782409,True,1
149,NAWA,"BUYO ET DAPEOUA, COMMUNES ET SOUS-PREFECTURES",115,27640,6852,0.2478999999999999,323,6529,99,0.0152,28,3,3,6430,1,0.24790159189580319,0.047139521307647404,0.01516311839485373,240.34782608695653,3448,0.5281053760147036,0.5362363919129083,2911.0,537.0,8.22484300811763,2.0299282205432863,True,1
150,NAWA,"GNAMANGUI, MEAGUI ET OUPOYO, COMMUNES ET SOUS- PREFECTURES",214,57090,12968,0.2271999999999999,671,12297,136,0.0111,28,4,3,12161,1,0.22715011385531617,0.05174275138803208,0.011059608034479954,266.77570093457945,6881,0.5595673741562983,0.5658251788504235,2877.0,4004.0,32.56078718386598,2.42981134818949,True,1
151,NAWA,"GRAND-ZATIRY, COMMUNES ET SOUS-PREFECTURE",70,19273,6190,0.3212,244,5946,49,0.0081999999999999,28,8,3,5897,1,0.3211747003580138,0.039418416801292405,0.00824083417423478,275.3285714285714,1886,0.317188025563404,0.319823639138545,1559.0,327.0,5.49949545913219,4.552386282337524,True,1
152,NAWA,"LILIYO ET OKROUYO, COMMUNES ET SOUS-PREFECTURES",145,34787,9285,0.2669,409,8876,117,0.0132,29,7,3,8759,1,0.2669100526058585,0.0440495422724825,0.013181613339342046,239.91034482758621,3130,0.35263632266786843,0.35734672907866194,2457.0,673.0,7.582244254168544,4.049113980168757,True,1
153,NAWA,"SOUBRE, COMMUNES ET SOUS-PREFECTURE",160,53618,9246,0.1724,301,8945,79,0.0088,29,7,3,8866,1,0.17244209034279534,0.03255461821328142,0.00883174958077138,335.1125,4103,0.4586920067076579,0.4627791563275434,2524.0,1579.0,17.652319731693684,3.080521231726369,True,1
155,N'ZI,"BENGASSOU, BOCANDA, KOUADIOBLEKRO ET N'ZECREZESSOU, COMMUNES ET SOUS-PREFECTURES",157,44988,18242,0.4054999999999999,791,17451,252,0.0144,29,5,4,17199,1,0.40548590735307194,0.04336147352264006,0.01444043321299639,286.54777070063693,7887,0.45195117758294656,0.45857317285888716,5608.0,2279.0,13.059423528737609,2.9323842468441055,True,1
156,N'ZI,"KOUASSI-KOUASSIKRO, COMMUNES ET SOUS- PREFECTURE",46,13333,5319,0.3989,227,5092,70,0.0137,29,6,3,5022,1,0.39893497337433437,0.04267719496145892,0.013747054202670856,289.8478260869565,2116,0.41555380989787905,0.42134607726005574,1260.0,856.0,16.81068342498036,3.382698139551727,True,1
159,N'ZI,"ABIGUI, DIANGOKRO ET NOFOU, COMMUNES ET SOUS- PREFECTURES",50,13202,5902,0.4471,216,5686,53,0.0093,29,6,4,5633,1,0.4470534767459476,0.03659776347001017,0.009321139641224059,264.04,2178,0.3830460780865283,0.38665009763891356,1838.0,340.0,5.979599015124868,3.2170853839314892,True,1
160,N'ZI,"DIMBOKRO, COMMUNE ET SOUS-PREFECTURE",99,36237,10564,0.2915,401,10163,64,0.0063,29,5,3,10099,1,0.2915252366365869,0.03795910639909125,0.006297353143756765,366.030303030303,6793,0.6684049985240579,0.6726408555302505,2513.0,4280.0,42.11354914887336,1.9352149526319211,True,1
163,PORO,"BORON, DIKODOUGOU ET GUIEMBE, COMMUNES ET SOUS- PREFECTURES",103,28727,13999,0.4872999999999999,246,13753,363,0.0264,30,4,2,13390,1,0.4873115884011557,0.017572683763125936,0.02639424125645314,278.90291262135923,6287,0.45713662473642114,0.469529499626587,3849.0,2438.0,17.72704137279139,2.8249951076428856,True,1
164,PORO,"BOUGOU, KATOGO ET M'BENGUE, COMMUNES ET SOUS- PREFECTURES",102,32495,20095,0.6184000000000001,218,19877,640,0.0322,30,3,2,19237,1,0.6184028312048008,0.010848469768599154,0.0321980178095286,318.578431372549,11349,0.5709614126880314,0.5899568539793107,7806.0,3543.0,17.824621421743725,1.9503628912805648,True,1
165,PORO,"KATIALI ET NIOFOIN, COMMUNES ET SOUS-PREFECTURES",61,16977,11753,0.6923,267,11486,225,0.0196,30,2,2,11261,1,0.6922895682393827,0.022717604015995915,0.01958906494863312,278.3114754098361,6656,0.5794880724360091,0.5910665127430956,4605.0,2051.0,17.856520982065124,1.9357852809048297,True,1
166,PORO,"DASSOUNGBOHO ET TIORONIARADOUGOU, COMMUNES ET SOUS-PREFECTURES",44,14548,7943,0.546,153,7790,179,0.023,30,3,2,7611,1,0.5459857025020621,0.01926224348482941,0.022978177150192555,330.6363636363636,4092,0.5252888318356868,0.5376428852975956,3022.0,1070.0,13.735558408215661,2.2174022488247087,True,1
167,PORO,"KARAKORO ET KOMBORODOUGOU, COMMUNES ET SOUS- PREFECTURES",76,19557,11288,0.5771999999999999,151,11137,118,0.0106,30,2,2,11019,1,0.577184639770926,0.013377037562012757,0.010595312920894316,257.32894736842104,6484,0.5822034659243962,0.5884381522824212,4535.0,1949.0,17.500224476968665,1.9393276926811243,True,1
168,PORO,"KANOROBA, NAFOUN ET SIRASSO, COMMUNES ET SOUS- PREFECTURES",66,21203,12611,0.5948,205,12406,337,0.0272,30,3,2,12069,1,0.5947743243880583,0.016255649829513916,0.02716427535063679,321.25757575757575,7092,0.57165887473803,0.5876211782252051,2868.0,4224.0,34.04804127035305,2.313185570047112,True,1
169,PORO,"KIEMOU ET NAPIE, COMMUNES ET SOUS-PREFECTURES",73,21396,9378,0.4382999999999999,135,9243,168,0.0182,30,3,2,9075,1,0.4383062254627033,0.014395393474088292,0.018175916910094125,293.09589041095893,4544,0.491615276425403,0.5007162534435262,2963.0,1581.0,17.104836092177866,2.582820309234208,True,1
170,PORO,"KOMBOLOKOURA, KONI ET LATAHA, COMMUNES ET SOUS- PREFECTURES, KORHOGO SOUS-PREFECTURE",106,34511,32994,0.956,12,32982,1,0.0,30,1,1,32981,1,0.9560430007823593,0.0003637024913620658,3.031956824934813e-05,325.57547169811323,32981,0.9999696804317506,1.0,,,,1.0,True,1
171,PORO,"KORHOGO, VILLE",371,149223,142250,0.9533,258,141992,108,0.0008,30,1,1,141884,1,0.9532712785562547,0.001813708260105448,0.0007606062313369767,402.21832884097034,141884,0.999239393768663,1.0,,,,1.0,True,1
172,PORO,"KAGBOLODOUGOU, SEDIOGO ET SINEMATIALI, COMMUNES ET SOUS-PREFECTURES",93,30231,29595,0.979,68,29527,13,0.0004,30,1,1,29514,1,0.9789619926565446,0.0022976854198344314,0.0004402750025400481,325.06451612903226,29514,0.9995597249974599,1.0,,,,1.0,True,1
173,SAN-PEDRO,"DOBA ET GABIADJI, COMMUNES ET SOUS-PREFECTURES, SAN PEDRO, SOUS-PREFECTURE",166,46381,11310,0.2438,498,10812,130,0.012,30,7,4,10682,1,0.24384985231021322,0.04403183023872679,0.012023677395486496,279.40361445783134,4071,0.3765260821309656,0.38110840666541845,3129.0,942.0,8.712541620421753,3.6678992097559044,True,1
174,SAN-PEDRO,"DOGBO ET GRAND-BEREBY, COMMUNES ET SOUS- PREFECTURES",102,28569,7631,0.2671,191,7440,49,0.0066,30,4,3,7391,1,0.2671077041548532,0.025029484995413444,0.006586021505376344,280.0882352941176,4970,0.668010752688172,0.6724394533892573,1713.0,3257.0,43.776881720430104,1.958911045765722,True,1
175,SAN-PEDRO,"SAN PEDRO, COMMUNE",250,93355,24880,0.2664999999999999,576,24304,146,0.006,31,9,4,24158,1,0.26650956028064915,0.02315112540192926,0.006007241606319947,373.42,12719,0.5233294930875576,0.5264922592929878,3931.0,8788.0,36.15865701119157,2.977296169711192,True,1
176,SAN-PEDRO,"DAPO-IBOKE, DJAMANDIOKE, OLODIO ET TABOU, COMMUNES ET SOUS-PREFECTURES",99,25383,8058,0.3175,280,7778,81,0.0104,31,6,4,7697,1,0.3174565654177993,0.03474807644576818,0.01041398817176652,256.3939393939394,3680,0.4731293391617382,0.4781083539041185,3173.0,507.0,6.5183851889946,2.4755501445726114,True,1
177,SAN-PEDRO,"DJOUROUTOU ET GRABO, COMMUNES ET SOUS- PREFECTURES",66,18068,4503,0.2492,138,4365,56,0.0128,31,4,3,4309,1,0.249225149435466,0.030646235842771485,0.012829324169530355,273.75757575757575,2473,0.5665521191294387,0.5739150614991877,742.0,1731.0,39.65635738831615,2.5332496260664596,True,1
178,SUD-COMOE,"ABOISSO, COMMUNE",102,42232,11168,0.2644,246,10922,49,0.0045,31,5,3,10873,1,0.26444402348929724,0.022027220630372494,0.004486357809924922,414.03921568627453,5038,0.4612708295184032,0.4633495815322358,4554.0,484.0,4.431422816334004,2.5211387664850173,True,1
179,SUD-COMOE,"ABOISSO, SOUS-PREFECTURE, ADAOU, ADJOUAN, KOUAKRO ET MAFERE, COMMUNES ET SOUS- PREFECTURES",141,46549,17283,0.3713,317,16966,99,0.0058,31,4,3,16867,1,0.3712861715611506,0.01834172308048371,0.005835199811387481,330.13475177304963,11268,0.6641518330779206,0.6680500385367878,4799.0,6469.0,38.12919957562183,1.891221254654926,True,1
180,SUD-COMOE,"AYAME, BIANOUAN ET YAOU, COMMUNES ET SOUS- PREFECTURES",62,20423,8734,0.4277,500,8234,51,0.0062,31,4,3,8183,1,0.42765509474611957,0.0572475383558507,0.00619383045907214,329.4032258064516,3651,0.44340539227592907,0.4461688867163632,2460.0,1191.0,14.46441583677435,2.9108938518950493,True,1
181,SUD-COMOE,"ADIAKE, ASSINIE-MAFIA ET ETUEBOUE, COMMUNES ET SOUS-PREFECTURES",94,32509,14212,0.4372,327,13885,46,0.0033,31,5,4,13839,1,0.43717124488603154,0.02300872502110892,0.0033129276197335256,345.8404255319149,8047,0.5795462729564278,0.5814726497579304,5195.0,2852.0,20.540151242347857,2.082903538582874,True,1
182,SUD-COMOE,"BONGO ET BONOUA, COMMUNES ET SOUS-PREFECTURES",152,56912,12764,0.2243,325,12439,50,0.004,"31, 32",8,5,12389,1,0.22427607534439134,0.02546223754308994,0.004019615724736715,374.42105263157896,5893,0.47375190931746924,0.47566389539107273,2018.0,3875.0,31.152021866709543,3.52354351939157,True,1
183,SUD-COMOE,"GRAND-BASSAM, COMMUNE ET SOUS-PREFECTURE",155,62844,9830,0.1564,113,9717,93,0.0096,32,7,3,9624,1,0.15641906944179237,0.011495422177009156,0.009570855202222908,405.4451612903226,5036,0.5182669548214469,0.5232751454696591,2719.0,2317.0,23.844808068333847,2.7402944219475924,True,1
184,SUD-COMOE,"NOE, NOUAMOU ET TIAPOUM, COMMUNES ET SOUS- PREFECTURES",62,17411,8000,0.4595,261,7739,42,0.0054,32,6,3,7697,1,0.4594796393084831,0.032625,0.005427057759400439,280.8225806451613,3360,0.43416462075203516,0.43653371443419514,2933.0,427.0,5.517508722057113,2.858663521759936,True,1
185,TCHOLOGO,"BILIMONO, KONG ET SIKOLO, COMMUNES ET SOUS- PREFECTURES",103,25546,23651,0.9258,26,23625,11,0.0005,32,1,1,23614,1,0.9258200892507633,0.0010993192676842416,0.00046560846560846563,248.01941747572815,23614,0.9995343915343915,1.0,,,,1.0,True,1
186,TCHOLOGO,"FERKESSEDOUGOU,COMMUNE",84,33780,12675,0.3752,239,12436,80,0.0064,32,2,2,12356,1,0.3752220248667851,0.018856015779092704,0.0064329366355741395,402.14285714285717,10575,0.8503538115149566,0.8558595014567821,1781.0,8794.0,70.71405596654873,1.3275417650173538,True,1
187,TCHOLOGO,"FERKESSEDOUGOU, SOUS PREFECTURE, KOUMBALA ET TOGONIERE, COMMUNES ET SOUS-PREFECTURES",106,31066,26516,0.8534999999999999,91,26425,82,0.0031,32,1,1,26343,1,0.8535376295628662,0.0034318901795142554,0.0031031220435193945,293.07547169811323,26343,0.9968968779564806,1.0,,,,1.0,True,1
188,TCHOLOGO,"DIAWALA, NIELLE, ET TOUMOUKRO, COMMUNES ET SOUS- PREFECTURES",131,43211,40576,0.939,83,40493,87,0.0021,32,1,1,40406,1,0.9390201569044919,0.0020455441640378547,0.0021485194971970463,329.85496183206106,40406,0.9978514805028029,1.0,,,,1.0,True,1
189,TCHOLOGO,"KAOUARA ET OUANGOLODOUGOU, COMMUNES ET SOUS- PREFECTURES",78,27287,19350,0.7091,163,19187,141,0.0073,32,1,1,19046,1,0.7091288892146443,0.008423772609819122,0.0073487256996925005,349.8333333333333,19046,0.9926512743003075,1.0,,,,1.0,True,1
190,TONKPI,"BIANKOUMA, BLAPLEU, KPATA ET SANTA, COMMUNES ET SOUS-PREFECTURES",113,37201,14810,0.3981,113,14697,150,0.0102,32,3,3,14547,1,0.3981075777532862,0.007629979743416611,0.010206164523372117,329.21238938053096,11734,0.7983942301149894,0.8066267959029353,1412.0,10322.0,70.23202014016466,1.494000828178948,True,1
191,TONKPI,"GBANGBEGOUINE, GBONNE ET GOUINE, COMMUNES ET SOUS-PREFECTURES",60,15101,7589,0.5025,239,7350,94,0.0128,32,7,3,7256,1,0.5025495000331104,0.03149295032283568,0.012789115646258504,251.68333333333334,3693,0.5024489795918368,0.5089581036383682,2276.0,1417.0,19.27891156462585,2.7326502944956212,True,1
192,TONKPI,"SIPILOU ET YORODOUGOU, COMMUNES ET SOUS- PREFECTURES",47,14298,6588,0.4608,84,6504,88,0.0135,33,7,2,6416,1,0.46076374318086444,0.012750455373406194,0.013530135301353014,304.21276595744683,1865,0.28674661746617464,0.2906795511221945,1667.0,198.0,3.044280442804428,4.4041946406378925,True,1
193,TONKPI,"DALEU, DANANE, GBON-HOUYE, KOUAN-HOULE ET SEILEU, COMMUNES ET SOUS-PREFECTURES",240,64623,18599,0.2878,715,17884,207,0.0116,33,8,3,17677,1,0.2878077464679758,0.03844292703908812,0.011574591813911876,269.2625,6685,0.37379780809662266,0.37817502969960964,5597.0,1088.0,6.083650190114068,3.7413274279818634,True,1
194,TONKPI,"MAHAPLEU ET ZONNEU, COMMUNES ET SOUS- PREFECTURES",80,22392,8583,0.3833,457,8126,108,0.0133,33,8,2,8018,1,0.3833065380493033,0.053244786205289524,0.013290671917302486,279.9,3138,0.3861678562638444,0.3913694188076827,1664.0,1474.0,18.139305931577653,3.9328846053376787,True,1
195,TONKPI,"BOGOUINE, LOGOUALE, YAPLEU ET ZIOGOUINE, COMMUNES ET SOUS-PREFECTURES",66,20102,8315,0.4135999999999999,331,7984,78,0.0098,33,9,3,7906,1,0.41364043378768284,0.039807576668671074,0.009769539078156312,304.57575757575756,2681,0.3357965931863727,0.33910953706046043,2339.0,342.0,4.283567134268537,4.363712194326412,True,1
196,TONKPI,"FAGNAMPLEU, GBANGBEGOUINE-YATI, PODIAGOUINE, SANDOUGOU-SOBA, SANGOUINE ET ZAGOUE, COMMUNES ET SOUS-PREFECTURES, MAN, SOUS-PREFECTURE",132,39659,17734,0.4472,738,16996,243,0.0143,34,9,5,16753,1,0.44716205653193475,0.0416149768805684,0.014297481760414215,300.4469696969697,5634,0.33148976229701105,0.33629797648182413,5002.0,632.0,3.718522005177689,3.837007026066117,True,1
197,TONKPI,"MAN, COMMUNE",172,64408,22399,0.3478,446,21953,128,0.0058,34,3,2,21825,1,0.34776735809216247,0.019911603196571277,0.005830638181569717,374.4651162790698,13382,0.6095750011387965,0.6131500572737686,8117.0,5265.0,23.983054707784813,1.9436521840510566,True,1
198,TONKPI,"BANNEU, TEAPLEU, YELLEU ET ZOUAN-HOUNIEN, COMMUNES ET SOUS-PREFECTURES",160,48980,13295,0.2714,318,12977,164,0.0126,34,4,4,12813,1,0.27143732135565535,0.023918766453553966,0.012637743700393002,306.125,11051,0.8515835709331895,0.8624834152813549,1033.0,10018.0,77.1981197503275,1.3288404950864023,True,1
199,TONKPI,"BIN-HOUYE ET GOULALEU, COMMUNES ET SOUS- PREFECTURES",59,15441,7970,0.5162,507,7463,80,0.0107,34,5,3,7383,1,0.5161582799041513,0.06361355081555835,0.010719549778909286,261.7118644067797,1819,0.2437357630979499,0.2463768115942029,1618.0,201.0,2.693286881950958,4.866675594923215,True,1
200,WORODOUGOU,"DJIBROSSO, FADIADOUGOU ET MORONDO, COMMUNES ET SOUS-PREFECTURES",66,20380,13373,0.6562,90,13283,208,0.0157,34,2,2,13075,1,0.6561825318940138,0.00672997831451432,0.015659113152149365,308.7878787878788,10470,0.7882255514567492,0.8007648183556405,2605.0,7865.0,59.211021606564785,1.4686035646075182,True,1
201,WORODOUGOU,"KANI, COMMUNE ET SOUS-PREFECTURE",41,13143,7621,0.5799,143,7478,115,0.0154,34,4,2,7363,1,0.5798523929087728,0.01876394173992914,0.015378443434073281,320.5609756097561,4329,0.5788981010965499,0.5879396984924623,2530.0,1799.0,24.057234554693768,2.1451133374792355,True,1
202,WORODOUGOU,"BOBI-DIARABANA, COMMUNE ET SOUS-PREFECTURE, SEGUELA, SOUS-PREFECTURE",60,16811,9578,0.5697,69,9509,114,0.012,34,3,2,9395,1,0.5697459996430908,0.007204009187721862,0.011988642338836892,280.18333333333334,6519,0.6855610474287517,0.6938797232570516,2567.0,3952.0,41.56062677463456,1.7946694108500065,True,1
203,WORODOUGOU,"SEGUELA, COMMUNE",55,20148,7201,0.3574,80,7121,171,0.024,34,6,3,6950,1,0.35740520150883465,0.011109568115539509,0.024013481252633057,366.3272727272727,3038,0.4266254739502879,0.43712230215827336,2023.0,1015.0,14.253616065159388,3.2252470758605627,True,1
204,WORODOUGOU,"DUALLA ET MASSALA, COMMUNES ET SOUS- PREFECTURES",48,12876,7334,0.5696,85,7249,56,0.0077,35,5,2,7193,1,0.5695868282075178,0.011589855467684755,0.007725203476341564,268.25,2545,0.35108290798730857,0.3538162102043654,2392.0,153.0,2.1106359497861775,3.1284232137209043,True,1
205,WORODOUGOU,"KAMALO, SIFIE ET WOROFLA, COMMUNES ET SOUS- PREFECTURES",74,19878,12803,0.6441,131,12672,164,0.0129,35,5,4,12508,1,0.6440788811751685,0.010231976880418651,0.012941919191919192,268.6216216216216,11233,0.8864425505050505,0.8980652382475216,646.0,10587.0,83.54640151515152,1.2338643535275058,True,1
