column,csv_dtype,missing_cells,empty_strings,distinct_values,unique_fraction
region,str,0,0,33,0.029333333333333333
circonscription_id,string,0,0,205,0.18222222222222223
circonscription_name,str,0,0,205,0.18222222222222223
nb_bureaux_vote,int64,0,0,111,0.09866666666666667
inscrits,int64,0,0,204,0.18133333333333335
votants,int64,0,0,204,0.18133333333333335
taux_participation,float64,0,0,203,0.18044444444444444
bulletins_nuls,int64,0,0,175,0.15555555555555556
suffrages_exprimes,int64,0,0,205,0.18222222222222223
bulletins_blancs_nb,int64,0,0,129,0.11466666666666667
bulletins_blancs_pct,float64,0,0,128,0.11377777777777778
parti,str,0,0,43,0.03822222222222222
candidat,str,0,0,1074,0.9546666666666667
score,int64,0,0,876,0.7786666666666666
score_pct,float64,0,0,880,0.7822222222222223
elu,bool,0,0,2,0.0017777777777777779
source_page,int64,0,0,35,0.03111111111111111
source_table,int64,0,0,1,0.0008888888888888889
source_row,int64,0,0,39,0.034666666666666665
