circonscription_id,name,region,variable,value,lower_fence,upper_fence,source_pages,interpretation
038,"ABOBO, COMMUNE",DISTRICT AUTONOME D'ABIDJAN,inscrits,438021.0,-11785.5,72626.5,6,"Descriptive 1.5-IQR flag; retained, not evidence of error or fraud"
039,"ADJAME, COMMUNE",DISTRICT AUTONOME D'ABIDJAN,inscrits,118995.0,-11785.5,72626.5,6,"Descriptive 1.5-IQR flag; retained, not evidence of error or fraud"
040,"ATTECOUBE, COMMUNE",DISTRICT AUTONOME D'ABIDJAN,inscrits,103500.0,-11785.5,72626.5,6,"Descriptive 1.5-IQR flag; retained, not evidence of error or fraud"
041,"COCODY, COMMUNE",DISTRICT AUTONOME D'ABIDJAN,inscrits,279785.0,-11785.5,72626.5,7,"Descriptive 1.5-IQR flag; retained, not evidence of error or fraud"
042,"KOUMASSI, COMMUNE",DISTRICT AUTONOME D'ABIDJAN,inscrits,176954.0,-11785.5,72626.5,7,"Descriptive 1.5-IQR flag; retained, not evidence of error or fraud"
043,"MARCORY, COMMUNE",DISTRICT AUTONOME D'ABIDJAN,inscrits,112183.0,-11785.5,72626.5,7,"Descriptive 1.5-IQR flag; retained, not evidence of error or fraud"
044,"PLATEAU, COMMUNE",DISTRICT AUTONOME D'ABIDJAN,inscrits,97933.0,-11785.5,72626.5,7,"Descriptive 1.5-IQR flag; retained, not evidence of error or fraud"
045,"PORT-BOUET, COMMUNE",DISTRICT AUTONOME D'ABIDJAN,inscrits,145545.0,-11785.5,72626.5,7,"Descriptive 1.5-IQR flag; retained, not evidence of error or fraud"
047,"YOPOUGON,COMMUNE",DISTRICT AUTONOME D'ABIDJAN,inscrits,555901.0,-11785.5,72626.5,8,"Descriptive 1.5-IQR flag; retained, not evidence of error or fraud"
048,"ANYAMA ET BROFODOUME, COMMUNES ET SOUS- PREFECTURES",DISTRICT AUTONOME D'ABIDJAN,inscrits,107529.0,-11785.5,72626.5,8,"Descriptive 1.5-IQR flag; retained, not evidence of error or fraud"
053,"YAMOUSSOUKRO,COMMUNE",DISTRICT AUTONOME DE YAMOUSSOUKRO,inscrits,118151.0,-11785.5,72626.5,10,"Descriptive 1.5-IQR flag; retained, not evidence of error or fraud"
060,"BOUAKE, VILLE",GBEKE,inscrits,277859.0,-11785.5,72626.5,10,"Descriptive 1.5-IQR flag; retained, not evidence of error or fraud"
070,"GAGNOA, COMMUNE",GOH,inscrits,83356.0,-11785.5,72626.5,13,"Descriptive 1.5-IQR flag; retained, not evidence of error or fraud"
083,"DABOU, LOPOU ET TOUPAH, COMMUNES ET SOUS- PREFECTURES",GRANDS PONTS,inscrits,82680.0,-11785.5,72626.5,16,"Descriptive 1.5-IQR flag; retained, not evidence of error or fraud"
100,"DALOA, VILLE ET SOUS-PREFECTURE",HAUT- SASSANDRA,inscrits,129515.0,-11785.5,72626.5,18,"Descriptive 1.5-IQR flag; retained, not evidence of error or fraud"
126,"DIVO, COMMUNE",LOH-DJIBOUA,inscrits,80222.0,-11785.5,72626.5,23,"Descriptive 1.5-IQR flag; retained, not evidence of error or fraud"
171,"KORHOGO, VILLE",PORO,inscrits,149223.0,-11785.5,72626.5,30,"Descriptive 1.5-IQR flag; retained, not evidence of error or fraud"
175,"SAN PEDRO, COMMUNE",SAN-PEDRO,inscrits,93355.0,-11785.5,72626.5,31,"Descriptive 1.5-IQR flag; retained, not evidence of error or fraud"
015,"BOUNDIALI ET GANAONI, COMMUNES ET SOUS- PREFECTURES",BAGOUE,turnout,0.9987531172069826,-0.04636649376245172,0.8590096879556604,3,"Descriptive 1.5-IQR flag; retained, not evidence of error or fraud"
098,"BADIKAHA, NIEDEKAHA ET TAFIRE, COMMUNES ET SOUS- PREFECTURES",HAMBOL,turnout,0.9910173297741621,-0.04636649376245172,0.8590096879556604,18,"Descriptive 1.5-IQR flag; retained, not evidence of error or fraud"
123,"ODIENNE , COMMUNE",KABADOUGOU,turnout,0.999750965010584,-0.04636649376245172,0.8590096879556604,21,"Descriptive 1.5-IQR flag; retained, not evidence of error or fraud"
170,"KOMBOLOKOURA, KONI ET LATAHA, COMMUNES ET SOUS- PREFECTURES, KORHOGO SOUS-PREFECTURE",PORO,turnout,0.9560430007823593,-0.04636649376245172,0.8590096879556604,30,"Descriptive 1.5-IQR flag; retained, not evidence of error or fraud"
171,"KORHOGO, VILLE",PORO,turnout,0.9532712785562547,-0.04636649376245172,0.8590096879556604,30,"Descriptive 1.5-IQR flag; retained, not evidence of error or fraud"
172,"KAGBOLODOUGOU, SEDIOGO ET SINEMATIALI, COMMUNES ET SOUS-PREFECTURES",PORO,turnout,0.9789619926565446,-0.04636649376245172,0.8590096879556604,30,"Descriptive 1.5-IQR flag; retained, not evidence of error or fraud"
185,"BILIMONO, KONG ET SIKOLO, COMMUNES ET SOUS- PREFECTURES",TCHOLOGO,turnout,0.9258200892507633,-0.04636649376245172,0.8590096879556604,32,"Descriptive 1.5-IQR flag; retained, not evidence of error or fraud"
188,"DIAWALA, NIELLE, ET TOUMOUKRO, COMMUNES ET SOUS- PREFECTURES",TCHOLOGO,turnout,0.9390201569044919,-0.04636649376245172,0.8590096879556604,32,"Descriptive 1.5-IQR flag; retained, not evidence of error or fraud"
141,"ADZOPE, COMMUNE",LA ME,invalid_rate,0.28105755809179733,-0.012168753460676574,0.062481903016985224,22,"Descriptive 1.5-IQR flag; retained, not evidence of error or fraud"
199,"BIN-HOUYE ET GOULALEU, COMMUNES ET SOUS- PREFECTURES",TONKPI,invalid_rate,0.06361355081555835,-0.012168753460676574,0.062481903016985224,34,"Descriptive 1.5-IQR flag; retained, not evidence of error or fraud"
024,"DIANRA ET DIARRA-VILLAGE, COMMUNES ET SOUS- PREFECTURES",BERE,blank_rate,0.023178807947019868,-0.0006329872929475558,0.0216951380755999,4,"Descriptive 1.5-IQR flag; retained, not evidence of error or fraud"
029,"ONDEFIDOUO ET YOUNDOUO, COMMUNES ET SOUS- PREFECTURES",BOUNKANI,blank_rate,0.02883951980129709,-0.0006329872929475558,0.0216951380755999,5,"Descriptive 1.5-IQR flag; retained, not evidence of error or fraud"
030,"DANOA, DOROPO, KALAMON ET NIAMOUE, COMMUNES ET SOUS-PREFECTURES",BOUNKANI,blank_rate,0.03235671303146888,-0.0006329872929475558,0.0216951380755999,5,"Descriptive 1.5-IQR flag; retained, not evidence of error or fraud"
032,"GOGO,TEHINI ET TOUGBO, COMMUNES ET SOUS- PREFECTURES",BOUNKANI,blank_rate,0.027595722662987238,-0.0006329872929475558,0.0216951380755999,5,"Descriptive 1.5-IQR flag; retained, not evidence of error or fraud"
105,"BAZRA NATILS, DANANON, KETRO·BASSAM ET VAVOUA, COMMUNES ET SOUS·PREFECTURES",HAUT- SASSANDRA,blank_rate,0.035515724836113184,-0.0006329872929475558,0.0216951380755999,19,"Descriptive 1.5-IQR flag; retained, not evidence of error or fraud"
163,"BORON, DIKODOUGOU ET GUIEMBE, COMMUNES ET SOUS- PREFECTURES",PORO,blank_rate,0.02639424125645314,-0.0006329872929475558,0.0216951380755999,30,"Descriptive 1.5-IQR flag; retained, not evidence of error or fraud"
164,"BOUGOU, KATOGO ET M'BENGUE, COMMUNES ET SOUS- PREFECTURES",PORO,blank_rate,0.0321980178095286,-0.0006329872929475558,0.0216951380755999,30,"Descriptive 1.5-IQR flag; retained, not evidence of error or fraud"
166,"DASSOUNGBOHO ET TIORONIARADOUGOU, COMMUNES ET SOUS-PREFECTURES",PORO,blank_rate,0.022978177150192555,-0.0006329872929475558,0.0216951380755999,30,"Descriptive 1.5-IQR flag; retained, not evidence of error or fraud"
168,"KANOROBA, NAFOUN ET SIRASSO, COMMUNES ET SOUS- PREFECTURES",PORO,blank_rate,0.02716427535063679,-0.0006329872929475558,0.0216951380755999,30,"Descriptive 1.5-IQR flag; retained, not evidence of error or fraud"
203,"SEGUELA, COMMUNE",WORODOUGOU,blank_rate,0.024013481252633057,-0.0006329872929475558,0.0216951380755999,34,"Descriptive 1.5-IQR flag; retained, not evidence of error or fraud"
041,"COCODY, COMMUNE",DISTRICT AUTONOME D'ABIDJAN,entries,14.0,-3.0,13.0,7,"Descriptive 1.5-IQR flag; retained, not evidence of error or fraud"
067,"BAYOTA, DAHIEPA·KEHI, OURAGAHIO ET YOPOHUE, COMMUNES ET SOUS-PREFECTURES",GOH,entries,17.0,-3.0,13.0,12,"Descriptive 1.5-IQR flag; retained, not evidence of error or fraud"
069,"DOUGROUPALEGNOA, DOUKOUYO, GNAGBODOUGNOA ET SERIHIO, COMMUNES ET SOUS-PREFECTURES, GAGNOA, SOUS-PREFECTURE",GOH,entries,15.0,-3.0,13.0,13,"Descriptive 1.5-IQR flag; retained, not evidence of error or fraud"
