candidat,rows,constituencies,source_pages
TOUS ENSEMBLE POUR LA CÔTE D'IVOIRE,22,22,"4, 6, 7, 10, 11, 13, 14, 18, 19, 20, 23, 28, 29, 31, 33"
"UNE COTE DIVOIRE EN PAIX, PROSPERE ET SOLIDAIRE",9,9,"6, 7, 8, 18, 19, 28, 33, 34"
"UNE COTE DIVOIRE EN PAIX,PROSPERE ET SOLIDAIRE",4,4,"4, 10, 18, 32"
ENSEMBLE POUR LE DEVELOPPEMENT,3,3,"4, 7, 19"
"UNE CÔTE DIVOIRE EN PAIX, PROSPERE ET SOLIDAIRE",3,3,"6, 10, 28"
UNE COTE DIVOIRE EN PAIX PROSPERE ET SOLIDAIRE,3,3,"7, 21, 30"
"UNE CÔTE DIVOIRE EN PAIX, PROSPÈRE ET SOLIDAIRE",3,3,"20, 23, 29"
OUATTARA BAKARY,2,2,"18, 20"
OSONS LE CHANGEMENT,2,2,"6, 10"
KEITA ADAMA,2,2,"22, 33"
TRAORE DRISSA,2,2,"21, 32"
"UNE COTE D""IVOIRE EN PAIX,PROSPERE ET SOLIDAIRE",2,2,"11, 18"
NOUVELLE VISION,2,2,8
KONE SEYDOU,2,2,"3, 21"
KONE MOUSSA,2,2,"20, 23"
UNE CÔTE D'IVOIRE EN PAIX PROSPERE ET SOLIDAIRE,2,2,"16, 30"
KONE MAMADOU,2,2,"3, 29"
TOUS ENSEMBLE POUR LA CÔTE DIVOIRE,2,2,"5, 30"
