unit,variable,n,missing_or_not_applicable,mean,std_ddof1,min,p05,q25,median,q75,p95,max,skewness
constituency,nb_bureaux_vote,205,0,123.6,136.4422451974087,23.0,45.0,67.0,93.0,132.0,276.79999999999984,1320.0,5.770726594623545
constituency,inscrits,205,0,41937.034146341466,57636.4431774792,7903.0,13102.2,19869.0,28375.0,40972.0,111252.19999999992,555901.0,5.972304769282806
constituency,votants,205,0,14693.141463414635,15365.613502822636,4476.0,5323.6,7970.0,11675.0,14778.0,31611.799999999956,142250.0,5.603511508368231
constituency,bulletins_nuls,205,0,334.2682926829268,340.59302552861743,0.0,69.2,169.0,258.0,403.0,733.9999999999997,3423.0,5.197659085161608
constituency,suffrages_exprimes,205,0,14358.873170731707,15229.857772742105,4320.0,5159.2,7699.0,11177.0,14300.0,31590.999999999956,141992.0,5.633942727561318
constituency,bulletins_blancs_nb,205,0,144.2829268292683,142.26000757801737,0.0,42.6,74.0,115.0,166.0,335.1999999999998,1214.0,4.655089887702835
constituency,turnout,205,0,0.42216222947791343,0.18101109034292973,0.1010740389942277,0.2116596877811997,0.2931495743818403,0.3843261131167268,0.5194936198113683,0.7174044738699898,0.999750965010584,1.1239374119363439
constituency,invalid_rate,205,0,0.02683449089616776,0.02223284179761087,0.0,0.005145700620107134,0.0158252427184466,0.02487646958596013,0.03448790683786205,0.051660183378274466,0.28105755809179733,7.415248243517428
constituency,blank_rate,205,0,0.011312514334288419,0.005823919042949515,0.0,0.003454265240734164,0.00774005972025774,0.010586319218241042,0.013322091062394605,0.021559229527630855,0.035515724836113184,1.1812120887116162
constituency,entries,205,0,5.487804878048781,2.8208081099417845,1.0,1.200000000000001,3.0,5.0,7.0,10.0,17.0,0.9022173610312091
constituency,party_labels,205,0,3.2146341463414636,1.1473671856176788,1.0,1.200000000000001,2.0,3.0,4.0,5.0,7.0,0.41638199222349265
constituency,registered_per_polling_station,205,0,316.5497597470043,50.05180682827213,216.06617647058823,246.00388349514563,277.01418439716315,308.8734939759036,352.95522388059703,412.0334547397047,429.530701754386,0.38942976980825106
constituency,winner_share_expressed,205,0,0.558564822788604,0.18650430551137265,0.18722685736988479,0.3114977554886207,0.42720178372352285,0.5281053760147036,0.6665090715678742,0.9821787773188777,1.0,0.6632585924653099
constituency,margin_votes,194,11,3916.659793814433,7397.336899863688,2.0,155.6,939.75,1942.5,4185.5,10665.399999999998,85588.0,7.6949718232397855
constituency,margin_pp_expressed,194,11,26.054338080272668,21.965989864813775,0.044593088071348944,2.07358166961813,8.748100566376571,19.1974343504233,36.869525363909005,74.43240456377758,94.02005251850083,1.0651806708896996
constituency,effective_entries,205,0,2.599251419722355,1.1021465759052889,1.0,1.0172943868934818,1.884540544689378,2.320704527166803,3.221767018600141,4.547363018204443,7.036364574483828,1.100015819648452
candidate/list,score,1125,0,2590.2142222222224,7293.661064976793,4.0,45.0,177.0,730.0,2719.0,9067.599999999999,141884.0,11.789600272287707
candidate/list,score_pct,1125,0,0.1801613333333333,0.2215227463317227,0.0008,0.004,0.0157,0.0650999999999999,0.2943,0.6536,1.0,1.504998437929955
