parti,entries,constituencies,votes,elected_rows,entry_share,vote_share_nonblank,vote_share_expressed,elected_row_share,elected_rows_per_entry
RHDP,205,205,1823861,155,0.18222222222222223,0.6258979523272378,0.6196087130962448,0.7560975609756098,0.7560975609756098
INDEPENDANT,654,188,656466,22,0.5813333333333334,0.22528072324176704,0.22301702457119232,0.1073170731707317,0.03363914373088685
PDCI-RDA,133,133,352066,25,0.11822222222222223,0.12081917891990744,0.11960514599793652,0.12195121951219512,0.18796992481203006
PDCI - FPI - ADCI,1,1,18757,0,0.0008888888888888889,0.006436876435102236,0.006372196473057027,0.0,0.0
FPI,16,16,14143,1,0.014222222222222223,0.004853481016241986,0.0048047115593349435,0.004878048780487805,0.0625
ADCI,36,36,11883,0,0.032,0.004077912388885209,0.004036936113948748,0.0,0.0
ADCI - GP-PAIX - VALEUR,1,1,7489,0,0.0008888888888888889,0.002570014801006592,0.0025441904028748775,0.0,0.0
CODE,16,16,4149,0,0.014222222222222223,0.0014238204579217987,0.0014095134172156319,0.0,0.0
MGC,14,14,3844,0,0.012444444444444444,0.0013191530104245345,0.0013058977044533354,0.0,0.0
EDS,5,5,3387,0,0.0044444444444444444,0.0011623234251581422,0.0011506439971340912,0.0,0.0
PDCI-RDA - EDS,1,1,2719,0,0.0008888888888888889,0.0009330845565411835,0.0009237086000022422,0.0,0.0
UNPR,1,1,2571,1,0.0008888888888888889,0.0008822951066080849,0.0008734295000388983,0.004878048780487805,1.0
AIDE,3,3,1550,0,0.0026666666666666666,0.0005319165364615059,0.0005265716550215062,0.0,0.0
GP-PAIX,8,8,1253,0,0.0071111111111111115,0.0004299944646363012,0.0004256737314464176,0.0,0.0
UDP,1,1,1209,0,0.0008888888888888889,0.0004148948984399746,0.00041072589091677484,0.0,0.0
LE BUFFLE,1,1,1159,1,0.0008888888888888889,0.00039773630048960346,0.00039373970849672623,0.004878048780487805,1.0
FNDR,1,1,934,0,0.0008888888888888889,0.00032052260971293325,0.0003173018876065076,0.0,0.0
CNDCI,2,2,881,0,0.0017777777777777779,0.0003023344958855398,0.0002992965342412561,0.0,0.0
MNRP,1,1,727,0,0.0008888888888888889,0.0002494860141983966,0.0002469790923875065,0.0,0.0
PIA/PRI/CODE,1,1,622,0,0.0008888888888888889,0.0002134529585026172,0.0002113081093054044,0.0,0.0
AIRD,1,1,566,0,0.0008888888888888889,0.00019423532879820151,0.00019228358499495,0.0,0.0
MDR,1,1,542,0,0.0008888888888888889,0.00018599920178202336,0.00018413021743332667,0.0,0.0
PPSD,1,1,492,0,0.0008888888888888889,0.0001688406038316522,0.0001671440350132781,0.0,0.0
REEL.CI,1,1,334,0,0.0008888888888888889,0.00011461943430847934,0.00011346769856592456,0.0,0.0
UFD,1,1,289,0,0.0008888888888888889,9.917669615314529e-05,9.818013438788084e-05,0.0,0.0
UNCI,1,1,249,0,0.0008888888888888889,8.544981779284836e-05,8.459118845184196e-05,0.0,0.0
P.B.J.V,1,1,219,0,0.0008888888888888889,7.515465902262567e-05,7.439947899981281e-05,0.0,0.0
APR.CI,1,1,214,0,0.0008888888888888889,7.343879922758855e-05,7.270086075780796e-05,0.0,0.0
ACI,1,1,193,0,0.0008888888888888889,6.623218808843267e-05,6.556666414138754e-05,0.0,0.0
MIRDEP,1,1,179,0,0.0008888888888888889,6.142778066232875e-05,6.0810533063773944e-05,0.0,0.0
RDP,1,1,175,0,0.0008888888888888889,6.005509282629905e-05,5.9451638470170055e-05,0.0,0.0
MERCI,1,1,164,0,0.0008888888888888889,5.62802012772174e-05,5.5714678337759365e-05,0.0,0.0
UDCY,2,2,141,0,0.0017777777777777779,4.838724622004667e-05,4.7901034424537013e-05,0.0,0.0
CNPCIN,1,1,110,0,0.0008888888888888889,3.774891549081655e-05,3.736960132410689e-05,0.0,0.0
ICON,1,1,94,0,0.0008888888888888889,3.2258164146697775e-05,3.1934022949691345e-05,0.0,0.0
PRO CI,1,1,70,0,0.0008888888888888889,2.402203713051962e-05,2.378065538806802e-05,0.0,0.0
CNJB-ADO,1,1,68,0,0.0008888888888888889,2.3335693212504773e-05,2.310120809126608e-05,0.0,0.0
URCI,1,1,68,0,0.0008888888888888889,2.3335693212504773e-05,2.310120809126608e-05,0.0,0.0
FPP,1,1,37,0,0.0008888888888888889,1.2697362483274657e-05,1.2569774990835955e-05,0.0,0.0
PIA/CODE,1,1,35,0,0.0008888888888888889,1.201101856525981e-05,1.189032769403401e-05,0.0,0.0
GJPA-CI,1,1,35,0,0.0008888888888888889,1.201101856525981e-05,1.189032769403401e-05,0.0,0.0
MLPCI,1,1,30,0,0.0008888888888888889,1.0295158770222695e-05,1.0191709452029152e-05,0.0,0.0
CRI PANAFRICAIN,1,1,17,0,0.0008888888888888889,5.833923303126193e-06,5.77530202281652e-06,0.0,0.0
