page,width_pt,height_pt,text_characters,embedded_images,rectangles,large_background_rectangles,default_tables,default_rows_including_headers,default_candidate_rows,corrected_candidate_rows
1,1190.52,841.92,1952,2,121,12,1,35,32,32
2,1190.52,841.92,1717,0,118,11,1,30,28,28
3,1190.52,841.92,2312,0,209,14,1,34,32,32
4,1190.52,841.92,2788,0,214,12,1,41,39,39
5,1190.52,841.92,2170,0,167,13,1,35,33,33
6,1190.52,841.92,1863,0,130,9,1,30,28,28
7,1190.52,841.92,2167,0,139,12,1,36,34,34
8,1190.52,841.92,1595,0,99,9,1,27,25,25
9,1190.52,841.92,1880,0,121,8,1,36,34,34
10,1190.52,841.92,2676,0,199,11,1,41,39,39
11,1190.52,841.92,2174,0,151,11,1,35,33,33
12,1190.52,841.92,1303,0,81,6,1,26,24,24
13,1190.52,841.92,1992,0,122,8,1,37,35,35
14,1190.52,841.92,1919,0,130,9,1,30,28,28
15,1190.52,841.92,1817,0,130,9,1,30,28,28
16,1190.52,841.92,2092,0,134,9,1,34,32,32
17,1190.52,841.92,2009,0,140,11,1,38,36,36
18,1190.52,841.92,2873,0,217,17,1,39,37,37
19,1190.52,841.92,1773,0,118,8,1,33,31,31
20,1190.52,841.92,2606,0,199,13,1,38,36,37
21,1190.52,841.92,2161,0,181,12,1,36,34,34
22,1190.52,841.92,1799,0,132,9,1,32,30,30
23,1190.52,841.92,2228,0,154,10,1,39,37,37
24,1190.52,841.92,1569,0,126,9,1,26,24,24
25,1190.52,841.92,1892,0,123,10,1,36,34,34
26,1190.52,841.92,1701,0,102,7,1,32,30,30
27,1190.52,841.92,1831,0,120,8,1,35,33,33
28,1190.52,841.92,2264,0,155,12,1,38,36,36
29,1190.52,841.92,2204,0,153,10,1,38,36,36
30,1190.52,841.92,2805,0,238,13,1,36,34,34
31,1190.52,841.92,2509,0,186,12,1,41,39,39
32,1190.52,841.92,2452,0,209,11,1,37,35,35
33,1190.52,841.92,1930,0,119,8,1,34,32,32
34,1190.52,841.92,2306,0,182,11,1,38,36,36
35,1190.52,841.92,707,0,67,6,1,12,10,10
