region,FPI,INDEPENDANT,LE BUFFLE,PDCI-RDA,RHDP,UNPR
AGNEBY-TIASSA,0,0,0,0,8,0
BAFING,0,0,0,0,5,0
BAGOUE,0,2,0,0,3,0
BELIER,0,0,0,4,0,0
BERE,0,2,0,0,4,0
BOUNKANI,0,1,0,0,3,0
CAVALLY,0,0,0,0,5,0
DISTRICT AUTONOME D'ABIDJAN,0,0,0,3,10,0
DISTRICT AUTONOME DE YAMOUSSOUKRO,0,0,1,0,2,0
FOLON,0,0,0,0,2,0
GBEKE,0,1,0,3,4,0
GBOKLE,0,1,0,0,2,0
GOH,0,1,0,1,8,1
GONTOUGO,0,0,0,2,3,0
GRANDS PONTS,0,0,0,0,3,0
GUEMON,0,1,0,0,6,0
HAMBOL,0,0,0,0,6,0
HAUT- SASSANDRA,0,1,0,0,9,0
IFFOU,0,1,0,3,1,0
INDENIE-DJUABLIN,0,0,0,0,5,0
KABADOUGOU,0,0,0,0,6,0
LA ME,0,0,0,0,7,0
LOH-DJIBOUA,0,1,0,0,7,0
MARAHOUE,0,2,0,0,6,0
MORONOU,1,1,0,1,2,0
N'ZI,0,0,0,2,2,0
NAWA,0,0,0,3,3,0
PORO,0,2,0,0,8,0
SAN-PEDRO,0,0,0,1,4,0
SUD-COMOE,0,1,0,2,4,0
TCHOLOGO,0,0,0,0,5,0
TONKPI,0,3,0,0,7,0
WORODOUGOU,0,1,0,0,5,0
