region,constituencies,entries,registered,voters,invalid,expressed,blanks,candidate_votes,mean_constituency_turnout,weighted_turnout,invalid_rate,blank_rate,registered_share,weighted_minus_mean_pp
PORO,10,23,368868,291906,1713,290193,2152,288041,0.6842531151964247,0.7913562575230164,0.005868327475283139,0.007415754342799447,0.042906136167904216,10.710314232659169
TCHOLOGO,5,6,160890,122768,602,122166,401,121765,0.7605457579599102,0.7630555037603332,0.004903557930405317,0.00328241900365077,0.018714467636265844,0.2509745800422958
KABADOUGOU,6,25,114742,87118,675,86443,638,85805,0.7161102756823228,0.7592511896254205,0.007748111756468238,0.00738058605092373,0.01334660603841392,4.314091394309772
BAGOUE,5,14,144374,104076,804,103272,994,102278,0.7014630120566983,0.7208777203651627,0.0077251239478842385,0.00962506778216748,0.016793352915148517,1.941470830846448
FOLON,2,7,49678,34448,440,34008,543,33465,0.6863347182068333,0.6934256612585048,0.012772875058058523,0.015966831333803812,0.005778465555562276,0.7090943051671461
BOUNKANI,4,20,62973,37767,615,37152,875,36277,0.6004260685572628,0.5997332189986184,0.01628405751052506,0.02355189491817399,0.00732491870506911,-0.06928495586443484
BAFING,5,18,92295,54348,641,53707,656,53051,0.5779712065108262,0.5888509670079636,0.011794362258040774,0.01221442270095146,0.010735606877302233,1.0879760497137347
WORODOUGOU,6,25,103236,57910,598,57312,828,56484,0.5628086392228998,0.5609477314115231,0.010326368502849249,0.014447236180904523,0.012008246509401086,-0.18609078113767108
HAMBOL,6,16,165803,92991,1278,91713,919,90794,0.5882000823229966,0.560852336809346,0.013743265477304254,0.010020389693936519,0.019285939943413426,-2.73477455136506
BERE,6,20,149086,80101,1273,78828,1455,77373,0.5355506764802004,0.5372804958212039,0.015892435799802748,0.018457908357436444,0.017341445223570947,0.1729819341003469
GONTOUGO,5,28,123996,65059,1566,63493,434,63059,0.5167619501156823,0.5246862802025872,0.024070459121720286,0.006835399177862127,0.014423016526983775,0.7924330086904963
IFFOU,5,23,130983,54462,2034,52428,602,51826,0.4291455125239846,0.4157944160692609,0.03734714112592266,0.011482413977264058,0.01523573319908639,-1.335109645472371
GBEKE,8,47,461049,183725,3984,179741,1991,177750,0.3878818770892227,0.3984934356218103,0.02168458293645394,0.011077049754925142,0.05362848274742203,1.061155853258755
N'ZI,4,22,107760,40027,1635,38392,439,37953,0.3857498985274852,0.37144580549368966,0.04084742798610937,0.011434673890393833,0.012534470958319395,-1.430409303379554
INDENIE-DJUABLIN,5,22,159981,59030,1739,57291,326,56965,0.38144550857741216,0.3689813165313381,0.029459596815178724,0.005690248031977099,0.01860873420919539,-1.2464192046074074
TONKPI,10,63,342205,125882,3948,121934,1340,120594,0.4028700555156127,0.3678555251968849,0.031362704755246974,0.010989551724703528,0.03980473862557246,-3.501453031872781
MORONOU,5,38,139759,49800,1872,47928,425,47503,0.3599291699631423,0.35632767836060647,0.037590361445783135,0.008867467868469371,0.016256543491683,-0.3601491602535811
GUEMON,7,52,211426,73945,1953,71992,1050,70942,0.3693017518082024,0.34974411850954945,0.026411522077219553,0.014584953883764863,0.024592734380416075,-1.9557633298652954
LA ME,7,42,239752,80020,5707,74313,490,73823,0.3488845634597057,0.3337615536053922,0.07131967008247939,0.00659373191769946,0.027887569424638006,-1.5123009854313474
CAVALLY,5,23,133094,43924,1830,42094,450,41644,0.3471554490889588,0.33002239019039176,0.041662872233858485,0.01069035967121205,0.015481281344901275,-1.7133058898567033
LOH-DJIBOUA,8,43,270361,88683,2384,86299,856,85443,0.33656215043911464,0.3280169846982368,0.026882266048735382,0.009919002537688733,0.03144795937975306,-0.8545165740877825
BELIER,4,19,154310,48872,1852,47020,457,46563,0.3161520427820225,0.3167131099734301,0.03789490915043379,0.009719268396427052,0.01794909255362162,0.056106719140758265
GOH,11,87,406936,127606,3422,124184,1572,122612,0.3769354080833821,0.31357756502250966,0.026816920834443522,0.01265863557302068,0.047334145080685425,-6.335784306087245
AGNEBY-TIASSA,8,60,271796,84121,2566,81555,618,80937,0.31544095010945583,0.3095005077337415,0.030503679223974987,0.007577708295015633,0.03161487628607441,-0.5940442375714339
DISTRICT AUTONOME DE YAMOUSSOUKRO,3,23,159484,49228,1149,48079,495,47584,0.30891161361650094,0.30867046224072636,0.023340375396116032,0.010295555232013977,0.01855092396359141,-0.024115137577457313
GBOKLE,3,14,69384,20967,452,20515,236,20279,0.31107536835149396,0.30218782428225527,0.021557685887346783,0.011503777723616866,0.00807063597783995,-0.8887544069238695
MARAHOUE,8,72,248330,73674,1716,71958,860,71098,0.30090522646339124,0.2966778077558088,0.023291799006433748,0.01195141610383835,0.028885348673714322,-0.422741870758242
HAUT- SASSANDRA,10,59,389803,115190,2935,112255,1609,110646,0.3471911632748745,0.2955082439078201,0.025479642330063373,0.014333437263373569,0.045341261905769994,-5.1682919367054385
SUD-COMOE,7,39,278880,81991,2089,79902,430,79472,0.3343901883967523,0.29400100401606427,0.025478406166530472,0.005381592450752171,0.03243887584313394,-4.038918438068801
SAN-PEDRO,5,30,211756,56382,1683,54699,462,54237,0.26882976631979616,0.2662592795481592,0.02984995211237629,0.008446223879778423,0.024631119452949903,-0.25704867716369595
GRANDS PONTS,3,16,150150,39510,882,38628,331,38297,0.2802714207395671,0.26313686313686313,0.02232346241457859,0.008568913741327535,0.01746520800289214,-1.7134557602703993
NAWA,6,37,211626,50105,2150,47955,530,47425,0.2541831317496839,0.2367620235698827,0.04290988923261151,0.0110520279428631,0.024615998060739608,-1.7421108179801164
DISTRICT AUTONOME D'ABIDJAN,13,92,2312326,436458,10338,426120,4114,422006,0.23225822102997953,0.18875279696720965,0.023686127874847064,0.00965455740167089,0.26896606433896486,-4.350542406276989
